receipt_id_raw,po_id_raw,sku_id_raw,warehouse_id_raw,actual_receipt_date_raw,putaway_date_raw,received_qty_raw,rejected_qty_raw,wms_bin_location_raw,source_system,record_updated_at,ingestion_timestamp,batch_id
REC-00000001,PO-00000002,SKU-0025,WH-MUM-03,2025-01-10 14:00:00,2025-01-12 17:00:00,423,0,WH-MUM-03#ASL-6#SHF-C#BIN-73,BLUEYONDER_WMS,2025-01-10 16:12:00,2026-08-05 02:59:59,BATCH_202501_RAW_GOODS_RECEIPTS
REC-00000002,PO-00000003,SKU-0050,WH-BLR-04,2025-01-11 16:00:00,2025-01-12 20:00:00,444,0,WH-BLR-04#ASL-2#SHF-B#BIN-11,BLUEYONDER_WMS,2025-01-11 18:31:00,2026-08-05 02:59:59,BATCH_202501_RAW_GOODS_RECEIPTS
REC-00000003,PO-00000001,SKU-0019,WH-LKO-01,2025-01-13 16:00:00,2025-01-14 20:00:00,473,0,WH-LKO-01#ASL-4#SHF-A#BIN-15,BLUEYONDER_WMS,2025-01-15 16:12:00,2026-08-05 02:59:59,BATCH_202501_RAW_GOODS_RECEIPTS
REC-00000004,PO-00000007,SKU-0115,WH-MUM-03,2025-01-13 16:00:00,2025-01-14 17:00:00,419,0,WH-MUM-03#ASL-1#SHF-C#BIN-79,BLUEYONDER_WMS,2025-01-13 16:30:00,2026-08-05 02:59:59,BATCH_202501_RAW_GOODS_RECEIPTS
REC-00000005,PO-00000008,SKU-0121,WH-MUM-03,2025-01-15 12:00:00,2025-01-18 13:00:00,480,0,WH-MUM-03#ASL-1#SHF-C#BIN-15,BLUEYONDER_WMS,2025-01-15 13:09:00,2026-08-05 02:59:59,BATCH_202501_RAW_GOODS_RECEIPTS
REC-00000006,PO-00000009,SKU-0135,WH-LKO-01,2025-01-15 08:00:00,2025-01-17 12:00:00,428,0,WH-LKO-01#ASL-2#SHF-B#BIN-78,BLUEYONDER_WMS,2025-01-15 09:55:00,2026-08-05 02:59:59,BATCH_202501_RAW_GOODS_RECEIPTS
REC-00000007,PO-00000005,SKU-0059,WH-DEL-02,2025-01-16 14:00:00,2025-01-19 18:00:00,333,0,WH-DEL-02#ASL-6#SHF-C#BIN-30,BLUEYONDER_WMS,2025-02-06 14:11:00,2026-08-05 02:59:59,BATCH_202501_RAW_GOODS_RECEIPTS
REC-00000008,PO-00000006,SKU-0086,WH-DEL-02,2025-01-17 08:00:00,2025-01-20 09:00:00,415,0,WH-DEL-02#ASL-6#SHF-B#BIN-52,BLUEYONDER_WMS,2025-01-17 08:18:00,2026-08-05 02:59:59,BATCH_202501_RAW_GOODS_RECEIPTS
REC-00000009,PO-00000010,SKU-0148,WH-MUM-03,2025-01-18 16:00:00,2025-01-21 19:00:00,465,0,WH-MUM-03#ASL-9#SHF-C#BIN-38,BLUEYONDER_WMS,2025-01-18 16:21:00,2026-08-05 02:59:59,BATCH_202501_RAW_GOODS_RECEIPTS
REC-00000010,PO-00000011,SKU-0057,WH-MUM-03,2025-01-20 10:00:00,2025-01-21 13:00:00,359,0,WH-MUM-03#ASL-1#SHF-C#BIN-64,BLUEYONDER_WMS,2025-01-20 12:44:00,2026-08-05 02:59:59,BATCH_202501_RAW_GOODS_RECEIPTS
 REC-00000011 ,PO-00000012,SKU-0025,WH-MUM-03,2025-01-22 09:00:00,2025-01-25 13:00:00,313,5,WH-MUM-03#ASL-4#SHF-C#BIN-77,BLUEYONDER_WMS,2025-01-22 10:21:00,2026-08-05 02:59:59,BATCH_202501_RAW_GOODS_RECEIPTS
REC-00000012,PO-00000004,SKU-0058,WH-DEL-02,1737711000,2025-01-25 16:00:00,435,17,WH-DEL-02#ASL-6#SHF-B#BIN-16,BLUEYONDER_WMS,2025-01-24 16:52:00,2026-08-05 02:59:59,BATCH_202501_RAW_GOODS_RECEIPTS
REC-00000013,PO-00000013,SKU-0093,WH-BLR-04,2025-01-27 08:00:00,2025-01-30 11:00:00,352,0,WH-BLR-04#ASL-2#SHF-C#BIN-61,BLUEYONDER_WMS,2025-01-27 09:01:00,2026-08-05 02:59:59,BATCH_202501_RAW_GOODS_RECEIPTS
REC-00000014,PO-00000014,SKU-0121,WH-MUM-03,2025-01-27 15:00:00,2025-01-29 16:00:00,365,0,WH-MUM-03#ASL-4#SHF-A#BIN-13,BLUEYONDER_WMS,2025-01-27 16:22:00,2026-08-05 02:59:59,BATCH_202501_RAW_GOODS_RECEIPTS
REC-00000015,PO-ORPHAN-999999,SKU-0135,WH-LKO-01,2025-01-28 10:00:00,2025-01-31 13:00:00,337,0,WH-LKO-01#ASL-4#SHF-C#BIN-65,BLUEYONDER_WMS,2025-01-28 12:13:00,2026-08-05 02:59:59,BATCH_202501_RAW_GOODS_RECEIPTS
REC-00000016,PO-00000016,SKU-0059,WH-DEL-02,2025-02-02 08:00:00,2025-02-05 09:00:00,378,0,WH-DEL-02#ASL-4#SHF-B#BIN-24,BLUEYONDER_WMS,2025-02-02 10:55:00,2026-08-05 02:59:59,BATCH_202502_RAW_GOODS_RECEIPTS
REC-00000017,PO-00000017,SKU-0066,WH-BLR-04,2025-02-02 10:00:00,2025-02-03 14:00:00,226,0,WH-BLR-04#ASL-5#SHF-A#BIN-24,BLUEYONDER_WMS,2025-02-02 10:18:00,2026-08-05 02:59:59,BATCH_202502_RAW_GOODS_RECEIPTS
REC-00000018,PO-00000019,SKU-0082,WH-MUM-03,2025-02-02 09:00:00,2025-02-05 13:00:00,304,0,WH-MUM-03#ASL-8#SHF-B#BIN-90,BLUEYONDER_WMS,2025-02-04 11:54:00,2026-08-05 02:59:59,BATCH_202502_RAW_GOODS_RECEIPTS
REC-00000019,PO-00000021,SKU-0035,WH-DEL-02,2025-02-03 11:00:00,2025-02-04 13:00:00,239,0,WH-DEL-02#ASL-6#SHF-A#BIN-82,BLUEYONDER_WMS,2025-02-03 12:04:00,2026-08-05 02:59:59,BATCH_202502_RAW_GOODS_RECEIPTS
REC-00000020,PO-00000018,SKU-0086,WH-DEL-02,2025-02-04 10:00:00,2025-02-05 15:00:00,317,0,WH-DEL-02#ASL-9#SHF-A#BIN-46,BLUEYONDER_WMS,2025-02-04 12:13:00,2026-08-05 02:59:59,BATCH_202502_RAW_GOODS_RECEIPTS
REC-00000021,PO-00000022,SKU-0145,WH-BLR-04,2025-02-05 08:00:00,2025-02-06 09:00:00,363,0,WH-BLR-04#ASL-8#SHF-A#BIN-88,BLUEYONDER_WMS,2025-02-05 08:40:00,2026-08-05 02:59:59,BATCH_202502_RAW_GOODS_RECEIPTS
REC-00000022,PO-00000028,SKU-0119,WH-DEL-02,2025-02-10 10:00:00,2025-02-13 11:00:00,358,0,WH-DEL-02#ASL-8#SHF-B#BIN-34,BLUEYONDER_WMS,2025-02-10 12:15:00,2026-08-05 02:59:59,BATCH_202502_RAW_GOODS_RECEIPTS
REC-00000023,PO-00000023,SKU-0031,WH-MUM-03,2025-02-12 10:00:00,02-13-2025,448,0,WH-MUM-03#ASL-8#SHF-A#BIN-85,BLUEYONDER_WMS,2025-02-12 12:13:00,2026-08-05 02:59:59,BATCH_202502_RAW_GOODS_RECEIPTS
REC-00000024,PO-00000025,SKU-0057,WH-LKO-01,2025-02-17 11:00:00,2025-02-19 12:00:00,260,0,WH-LKO-01#ASL-4#SHF-A#BIN-84,BLUEYONDER_WMS,2025-02-17 12:12:00,2026-08-05 02:59:59,BATCH_202502_RAW_GOODS_RECEIPTS
REC-00000025,PO-00000030,SKU-0082,WH-MUM-03,2025-02-18 12:00:00,2025-02-20 16:00:00,409,0,WH-MUM-03#ASL-8#SHF-C#BIN-15,BLUEYONDER_WMS,2025-02-21 13:01:00,2026-08-05 02:59:59,BATCH_202502_RAW_GOODS_RECEIPTS
REC-00000026,PO-00000020,SKU-0148,WH-MUM-03,2025-02-20 12:00:00,2025-02-21 14:00:00,383,0,WH-MUM-03#ASL-7#SHF-A#BIN-62,BLUEYONDER_WMS,2025-02-20 12:00:00,2026-08-05 02:59:59,BATCH_202502_RAW_GOODS_RECEIPTS
REC-00000027,PO-00000027,SKU-0093,WH-BLR-04,2025-02-21 09:00:00,2025-02-24 10:00:00,396,0,WH-BLR-04#ASL-4#SHF-A#BIN-49,BLUEYONDER_WMS,2025-02-21 10:42:00,2026-08-05 02:59:59,BATCH_202502_RAW_GOODS_RECEIPTS
REC-00000028,PO-00000031,SKU-0093,WH-MUM-03,2025-01-31 14:00:00,2025-02-22 15:00:00,389,0,WH-MUM-03#ASL-3#SHF-B#BIN-26,BLUEYONDER_WMS,2025-01-31 16:13:00,2026-08-05 02:59:59,BATCH_202501_RAW_GOODS_RECEIPTS
REC-00000029,PO-00000029,SKU-0119,WH-MUM-03,2025-02-22 08:00:00,2025-02-23 09:00:00,395,0,WH-MUM-03#ASL-6#SHF-A#BIN-57,BLUEYONDER_WMS,2025-02-22 09:13:00,2026-08-05 02:59:59,BATCH_202502_RAW_GOODS_RECEIPTS
REC-00000030,PO-00000032,SKU-0084,WH-LKO-01,2025-02-22 15:00:00,2025-02-24 20:00:00,364,0,WH-LKO-01#ASL-5#SHF-C#BIN-85,BLUEYONDER_WMS,2025-02-22 17:24:00,2026-08-05 02:59:59,BATCH_202502_RAW_GOODS_RECEIPTS
REC-00000031,PO-00000033,SKU-0052,WH-DEL-02,2025-02-22 08:00:00,2025-02-25 13:00:00,402,0,WH-DEL-02#ASL-6#SHF-A#BIN-50,BLUEYONDER_WMS,2025-02-22 08:01:00,2026-08-05 02:59:59,BATCH_202502_RAW_GOODS_RECEIPTS
REC-00000032,PO-00000026,SKU-0066,WH-DEL-02,2025-02-25 16:00:00,2025-02-27 17:00:00,373,0,WH-DEL-02#ASL-2#SHF-A#BIN-98,BLUEYONDER_WMS,2025-02-25 16:42:00,2026-08-05 02:59:59,BATCH_202502_RAW_GOODS_RECEIPTS
REC-00000033,PO-00000034,SKU-0066,WH-MUM-03,2025-02-25 16:00:00,2025-02-26 19:00:00,425,0,WH-MUM-03#ASL-3#SHF-A#BIN-52,BLUEYONDER_WMS,2025-02-25 17:32:00,2026-08-05 02:59:59,BATCH_202502_RAW_GOODS_RECEIPTS
REC-00000034,PO-00000038,SKU-0066,WH-LKO-01,2025-02-26 16:00:00,2025-02-28 20:00:00,201,0,WH-LKO-01#ASL-2#SHF-B#BIN-32,BLUEYONDER_WMS,2025-02-26 18:40:00,2026-08-05 02:59:59,BATCH_202502_RAW_GOODS_RECEIPTS
REC-00000035,PO-00000036,SKU-0119,WH-DEL-02,2025-02-27 12:00:00,2025-03-02 14:00:00,317,0,WH-DEL-02#ASL-7#SHF-A#BIN-91,BLUEYONDER_WMS,2025-02-27 14:05:00,2026-08-05 02:59:59,BATCH_202502_RAW_GOODS_RECEIPTS
REC-00000036,PO-00000035,SKU-0082,WH-BLR-04,2025-03-01 12:00:00,2025-03-03 13:00:00,423,0,WH-BLR-04#ASL-1#SHF-C#BIN-80,BLUEYONDER_WMS,2025-03-01 12:59:00,2026-08-05 02:59:59,BATCH_202503_RAW_GOODS_RECEIPTS
REC-00000037,PO-00000037,SKU-0141,WH-LKO-01,2025-03-03 14:00:00,2025-03-06 16:00:00,269,0,WH-LKO-01#ASL-1#SHF-B#BIN-14,BLUEYONDER_WMS,2025-03-08 14:56:00,2026-08-05 02:59:59,BATCH_202503_RAW_GOODS_RECEIPTS
REC-00000038,PO-00000040,SKU-0069,WH-MUM-03,2025-03-03 11:00:00,2025-03-06 16:00:00,255,0,WH-MUM-03#ASL-9#SHF-A#BIN-81,BLUEYONDER_WMS,2025-03-03 12:54:00,2026-08-05 02:59:59,BATCH_202503_RAW_GOODS_RECEIPTS
REC-00000039,PO-00000039,SKU-0066,WH-BLR-04,2025-03-04 14:00:00,2025-03-05 17:00:00,258,0,WH-BLR-04#ASL-2#SHF-A#BIN-19,BLUEYONDER_WMS,2025-03-04 15:59:00,2026-08-05 02:59:59,BATCH_202503_RAW_GOODS_RECEIPTS
REC-00000040,PO-00000041,SKU-0057,WH-LKO-01,2025-03-04 08:00:00,2025-03-05 09:00:00,255,0,WH-LKO-01#ASL-8#SHF-B#BIN-37,BLUEYONDER_WMS,2025-03-04 09:11:00,2026-08-05 02:59:59,BATCH_202503_RAW_GOODS_RECEIPTS
REC-00000041,PO-00000042,SKU-0035,WH-LKO-01,2025-03-05 14:00:00,2025-03-06 18:00:00,387,0,WH-LKO-01#ASL-6#SHF-C#BIN-68,BLUEYONDER_WMS,2025-03-08 14:57:00,2026-08-05 02:59:59,BATCH_202503_RAW_GOODS_RECEIPTS
REC-00000042,PO-00000044,SKU-0057,WH-DEL-02,2025-03-07 13:00:00,2025-03-09 14:00:00,454,0,WH-DEL-02#ASL-9#SHF-B#BIN-73,BLUEYONDER_WMS,2025-03-07 15:18:00,2026-08-05 02:59:59,BATCH_202503_RAW_GOODS_RECEIPTS
REC-00000043,PO-ORPHAN-999999,SKU-0066,WH-LKO-01,2025-03-09 11:00:00,03-12-2025,276,0,WH-LKO-01#ASL-3#SHF-A#BIN-86,BLUEYONDER_WMS,2025-03-09 13:03:00,2026-08-05 02:59:59,BATCH_202503_RAW_GOODS_RECEIPTS
REC-00000044,PO-00000047,SKU-0082,WH-BLR-04,2025-03-11 12:00:00,2025-03-13 13:00:00,379,0,WH-BLR-04#ASL-8#SHF-B#BIN-22,BLUEYONDER_WMS,2025-03-11 12:04:00,2026-08-05 02:59:59,BATCH_202503_RAW_GOODS_RECEIPTS
REC-00000045,PO-00000043,SKU-0052,WH-DEL-02,2025-03-14 13:00:00,2025-03-15 17:00:00,377,0,WH-DEL-02#ASL-1#SHF-C#BIN-88,BLUEYONDER_WMS,2025-03-14 13:41:00,2026-08-05 02:59:59,BATCH_202503_RAW_GOODS_RECEIPTS
REC-00000046,PO-00000051,SKU-0093,WH-DEL-02,2025-03-18 16:00:00,2025-03-20 17:00:00,210,0,WH-DEL-02#ASL-7#SHF-C#BIN-50,BLUEYONDER_WMS,2025-03-18 16:41:00,2026-08-05 02:59:59,BATCH_202503_RAW_GOODS_RECEIPTS
REC-00000047,PO-00000050,SKU-0060,WH-BLR-04,2025-03-21 11:00:00,2025-03-24 15:00:00,344,0,WH-BLR-04#ASL-8#SHF-B#BIN-32,BLUEYONDER_WMS,2025-03-21 12:10:00,2026-08-05 02:59:59,BATCH_202503_RAW_GOODS_RECEIPTS
REC-00000048,PO-00000052,SKU-0057,WH-DEL-02,2025-03-21 11:00:00,2025-03-22 12:00:00,367,0,WH-DEL-02#ASL-6#SHF-C#BIN-14,BLUEYONDER_WMS,2025-03-21 13:35:00,2026-08-05 02:59:59,BATCH_202503_RAW_GOODS_RECEIPTS
REC-00000049,PO-00000048,SKU-0132,WH-LKO-01,2025-03-24 12:00:00,2025-03-26 16:00:00,319,0,WH-LKO-01#ASL-6#SHF-B#BIN-10,BLUEYONDER_WMS,2025-03-24 14:01:00,2026-08-05 02:59:59,BATCH_202503_RAW_GOODS_RECEIPTS
REC-00000050,PO-00000045,SKU-0084,WH-LKO-01,2025-03-25 16:00:00,2025-03-27 18:00:00,472,0,WH-LKO-01#ASL-9#SHF-A#BIN-79,BLUEYONDER_WMS,2025-03-28 16:29:00,2026-08-05 02:59:59,BATCH_202503_RAW_GOODS_RECEIPTS
REC-00000051,PO-00000049,SKU-0141,WH-LKO-01,2025-03-27 08:00:00,2025-03-30 12:00:00,296,0,WH-LKO-01#ASL-7#SHF-C#BIN-14,BLUEYONDER_WMS,2025-03-29 08:54:00,2026-08-05 02:59:59,BATCH_202503_RAW_GOODS_RECEIPTS
REC-00000052,PO-00000054,SKU-0011,WH-DEL-02,2025-03-28 15:00:00,2025-03-30 17:00:00,441,0,WH-DEL-02#ASL-6#SHF-B#BIN-86,BLUEYONDER_WMS,2025-03-28 17:47:00,2026-08-05 02:59:59,BATCH_202503_RAW_GOODS_RECEIPTS
REC-00000053,PO-00000058,SKU-0065,WH-MUM-03,2025-03-31 13:00:00,2025-04-01 16:00:00,308,0,WH-MUM-03#ASL-7#SHF-C#BIN-58,BLUEYONDER_WMS,2025-03-31 14:18:00,2026-08-05 02:59:59,BATCH_202503_RAW_GOODS_RECEIPTS
REC-00000054,PO-00000060,SKU-0145,WH-DEL-02,2025-03-31 09:00:00,2025-04-03 13:00:00,297,0,WH-DEL-02#ASL-9#SHF-A#BIN-16,BLUEYONDER_WMS,2025-03-31 11:29:00,2026-08-05 02:59:59,BATCH_202503_RAW_GOODS_RECEIPTS
REC-00000055,PO-00000055,SKU-0066,WH-MUM-03,2025-04-01 08:00:00,2025-04-02 09:00:00,283,0,WH-MUM-03#ASL-6#SHF-C#BIN-86,BLUEYONDER_WMS,2025-04-01 09:10:00,2026-08-05 02:59:59,BATCH_202504_RAW_GOODS_RECEIPTS
REC-00000056,PO-00000056,SKU-0037,WH-LKO-01,2025-03-14 15:00:00,2025-04-05 18:00:00,212,0,WH-LKO-01#ASL-6#SHF-A#BIN-11,BLUEYONDER_WMS,2025-03-14 17:43:00,2026-08-05 02:59:59,BATCH_202503_RAW_GOODS_RECEIPTS
REC-00000057,PO-00000053,SKU-0066,WH-LKO-01,2025-04-03 09:00:00,2025-04-05 10:00:00,268,0,WH-LKO-01#ASL-8#SHF-C#BIN-11,BLUEYONDER_WMS,2025-04-03 11:54:00,2026-08-05 02:59:59,BATCH_202504_RAW_GOODS_RECEIPTS
REC-00000058,PO-00000061,SKU-0145,WH-BLR-04,2025-04-04 08:00:00,04-07-2025,372,0,WH-BLR-04#ASL-4#SHF-B#BIN-53,BLUEYONDER_WMS,2025-04-04 08:21:00,2026-08-05 02:59:59,BATCH_202504_RAW_GOODS_RECEIPTS
REC-00000059,PO-00000064,SKU-0072,WH-MUM-03,2025-04-04 11:00:00,2025-04-07 15:00:00,312,0,WH-MUM-03#ASL-3#SHF-A#BIN-29,BLUEYONDER_WMS,2025-04-04 12:55:00,2026-08-05 02:59:59,BATCH_202504_RAW_GOODS_RECEIPTS
REC-00000060,PO-00000066,SKU-0145,WH-MUM-03,2025-04-07 12:00:00,2025-04-08 13:00:00,469,11,WH-MUM-03#ASL-1#SHF-A#BIN-20,BLUEYONDER_WMS,2025-04-07 12:14:00,2026-08-05 02:59:59,BATCH_202504_RAW_GOODS_RECEIPTS
REC-00000061,PO-00000072,SKU-0034,WH-DEL-02,2025-04-08 11:00:00,2025-04-11 15:00:00,300,0,WH-DEL-02#ASL-3#SHF-B#BIN-23,BLUEYONDER_WMS,2025-04-08 11:44:00,2026-08-05 02:59:59,BATCH_202504_RAW_GOODS_RECEIPTS
REC-00000062,PO-00000063,SKU-0060,WH-BLR-04,2025-04-09 11:00:00,2025-04-11 12:00:00,270,6,WH-BLR-04#ASL-1#SHF-C#BIN-33,BLUEYONDER_WMS,2025-04-12 11:47:00,2026-08-05 02:59:59,BATCH_202504_RAW_GOODS_RECEIPTS
REC-00000063,PO-00000067,SKU-0132,WH-LKO-01,2025-04-09 16:00:00,2025-04-10 17:00:00,324,0,WH-LKO-01#ASL-9#SHF-C#BIN-37,BLUEYONDER_WMS,2025-04-09 16:41:00,2026-08-05 02:59:59,BATCH_202504_RAW_GOODS_RECEIPTS
REC-00000064,PO-00000069,SKU-0002,WH-MUM-03,2025-04-10 10:00:00,2025-04-13 15:00:00,362,0,WH-MUM-03#ASL-8#SHF-C#BIN-39,BLUEYONDER_WMS,2025-04-10 11:45:00,2026-08-05 02:59:59,BATCH_202504_RAW_GOODS_RECEIPTS
REC-00000065,PO-00000065,SKU-0066,WH-BLR-04,2025-04-11 15:00:00,2025-04-14 16:00:00,196,0,WH-BLR-04#ASL-8#SHF-A#BIN-19,BLUEYONDER_WMS,2025-04-11 17:44:00,2026-08-05 02:59:59,BATCH_202504_RAW_GOODS_RECEIPTS
REC-00000066,PO-00000071,SKU-0011,WH-DEL-02,2025-04-12 08:00:00,2025-04-14 13:00:00,402,0,WH-DEL-02#ASL-8#SHF-B#BIN-77,BLUEYONDER_WMS,2025-04-14 09:30:00,2026-08-05 02:59:59,BATCH_202504_RAW_GOODS_RECEIPTS
REC-00000067,PO-00000075,SKU-0145,WH-DEL-02,2025-04-12 15:00:00,2025-04-15 17:00:00,364,0,WH-DEL-02#ASL-9#SHF-B#BIN-55,BLUEYONDER_WMS,2025-04-12 16:41:00,2026-08-05 02:59:59,BATCH_202504_RAW_GOODS_RECEIPTS
REC-00000068,PO-00000070,SKU-0019,WH-MUM-03,2025-04-13 16:00:00,2025-04-14 21:00:00,273,9,WH-MUM-03#ASL-6#SHF-C#BIN-17,BLUEYONDER_WMS,2025-04-13 17:39:00,2026-08-05 02:59:59,BATCH_202504_RAW_GOODS_RECEIPTS
REC-00000069,PO-00000062,SKU-0100,WH-BLR-04,2025-04-14 10:00:00,2025-04-16 14:00:00,298,0,WH-BLR-04#ASL-3#SHF-B#BIN-41,BLUEYONDER_WMS,2025-04-14 11:30:00,2026-08-05 02:59:59,BATCH_202504_RAW_GOODS_RECEIPTS
REC-00000070,PO-00000059,SKU-0097,WH-BLR-04,2025-04-15 16:00:00,2025-04-18 17:00:00,339,0,WH-BLR-04#ASL-3#SHF-B#BIN-51,BLUEYONDER_WMS,2025-04-15 18:54:00,2026-08-05 02:59:59,BATCH_202504_RAW_GOODS_RECEIPTS
REC-00000071,PO-00000068,SKU-0145,WH-LKO-01,2025-04-15 08:00:00,2025-04-16 13:00:00,329,0,WH-LKO-01#ASL-1#SHF-B#BIN-82,BLUEYONDER_WMS,2025-04-15 10:50:00,2026-08-05 02:59:59,BATCH_202504_RAW_GOODS_RECEIPTS
REC-00000072,PO-00000077,SKU-0066,wh-lko-01,2025-04-15 12:00:00,2025-04-18 15:00:00,239,0,WH-LKO-01#ASL-8#SHF-A#BIN-98,BLUEYONDER_WMS,2025-04-17 14:13:00,2026-08-05 02:59:59,BATCH_202504_RAW_GOODS_RECEIPTS
REC-00000073,PO-00000076,SKU-0037,WH-LKO-01,2025-04-17 12:00:00,2025-04-19 14:00:00,209,0,WH-LKO-01#ASL-6#SHF-C#BIN-48,BLUEYONDER_WMS,2025-04-17 14:04:00,2026-08-05 02:59:59,BATCH_202504_RAW_GOODS_RECEIPTS
REC-00000074,PO-00000074,SKU-0034,WH-LKO-01,2025-04-19 09:00:00,2025-04-22 12:00:00,453,0,WH-LKO-01#ASL-7#SHF-C#BIN-67,BLUEYONDER_WMS,2025-04-19 11:58:00,2026-08-05 02:59:59,BATCH_202504_RAW_GOODS_RECEIPTS
REC-00000075,PO-00000079,SKU-0113,WH-MUM-03,2025-04-21 13:00:00,2025-04-23 18:00:00,355,0,WH-MUM-03#ASL-2#SHF-B#BIN-10,BLUEYONDER_WMS,2025-04-21 14:18:00,2026-08-05 02:59:59,BATCH_202504_RAW_GOODS_RECEIPTS
REC-00000076,PO-00000080,SKU-0145,WH-BLR-04,2025-04-04 08:00:00,2025-04-25 11:00:00,267,0,WH-BLR-04#ASL-2#SHF-B#BIN-78,BLUEYONDER_WMS,2025-04-04 08:18:00,2026-08-05 02:59:59,BATCH_202504_RAW_GOODS_RECEIPTS
REC-00000077,PO-00000073,SKU-0026,WH-LKO-01,2025-04-23 14:00:00,2025-04-24 18:00:00,394,0,WH-LKO-01#ASL-8#SHF-B#BIN-50,BLUEYONDER_WMS,2025-04-23 16:20:00,2026-08-05 02:59:59,BATCH_202504_RAW_GOODS_RECEIPTS
REC-00000078,PO-00000078,SKU-0072,WH-MUM-03,2025-04-25 08:00:00,2025-04-27 09:00:00,467,0,WH-MUM-03#ASL-9#SHF-C#BIN-86,BLUEYONDER_WMS,2025-04-25 08:45:00,2026-08-05 02:59:59,BATCH_202504_RAW_GOODS_RECEIPTS
REC-00000079,PO-00000081,SKU-0037,WH-BLR-04,2025-04-25 08:00:00,2025-04-27 11:00:00,193,0,WH-BLR-04#ASL-7#SHF-B#BIN-32,BLUEYONDER_WMS,2025-04-27 10:05:00,2026-08-05 02:59:59,BATCH_202504_RAW_GOODS_RECEIPTS
REC-00000080,PO-00000082,SKU-0034,WH-DEL-02,2025-04-26 11:00:00,2025-04-28 16:00:00,329,0,WH-DEL-02#ASL-7#SHF-C#BIN-22,BLUEYONDER_WMS,2025-04-26 12:50:00,2026-08-05 02:59:59,BATCH_202504_RAW_GOODS_RECEIPTS
REC-00000081,PO-00000084,SKU-0002,WH-MUM-03,2025-04-29 09:00:00,2025-05-02 10:00:00,418,0,WH-MUM-03#ASL-6#SHF-C#BIN-39,BLUEYONDER_WMS,2025-04-29 10:49:00,2026-08-05 02:59:59,BATCH_202504_RAW_GOODS_RECEIPTS
REC-00000082,PO-00000083,SKU-0066,WH-MUM-03,2025-05-02 11:00:00,2025-05-03 16:00:00,312,0,WH-MUM-03#ASL-4#SHF-B#BIN-55,BLUEYONDER_WMS,2025-05-02 12:26:00,2026-08-05 02:59:59,BATCH_202505_RAW_GOODS_RECEIPTS
REC-00000083,PO-00000085,SKU-0066, WH-BLR-04 ,1746181800,45781,250,0,WH-BLR-04#ASL-2#SHF-C#BIN-19,BLUEYONDER_WMS,2025-05-02 16:42:00,2026-08-05 02:59:59,BATCH_202505_RAW_GOODS_RECEIPTS
REC-00000084,PO-00000087,SKU-0100,WH-BLR-04,2025-05-02 10:00:00,2025-05-03 11:00:00,352,0,WH-BLR-04#ASL-6#SHF-C#BIN-90,BLUEYONDER_WMS,2025-05-02 11:20:00,2026-08-05 02:59:59,BATCH_202505_RAW_GOODS_RECEIPTS
REC-00000085,PO-00000089,SKU-0066,WH-LKO-01,2025-05-04 12:00:00,2025-05-06 17:00:00,205,0,WH-LKO-01#ASL-4#SHF-A#BIN-15,BLUEYONDER_WMS,2025-05-04 12:30:00,2026-08-05 02:59:59,BATCH_202505_RAW_GOODS_RECEIPTS
REC-00000086,PO-00000090,SKU-0097,WH-BLR-04,2025-05-04 09:00:00,2025-05-06T13:00:00+05:30,349,0,WH-BLR-04#ASL-1#SHF-B#BIN-95,BLUEYONDER_WMS,2025-05-04 09:32:00,2026-08-05 02:59:59,BATCH_202505_RAW_GOODS_RECEIPTS
REC-00000087,PO-00000086,SKU-0071,WH-BLR-04,2025-05-06 16:00:00,2025-05-07 20:00:00,316,0,WH-BLR-04#ASL-9#SHF-A#BIN-85,BLUEYONDER_WMS,2025-05-06 17:00:00,2026-08-05 02:59:59,BATCH_202505_RAW_GOODS_RECEIPTS
REC-00000088,PO-00000088,SKU-0003,WH-MUM-03,2025-05-06 11:00:00,2025-05-07 13:00:00,256,0,WH-MUM-03#ASL-4#SHF-C#BIN-91,BLUEYONDER_WMS,2025-05-06 13:01:00,2026-08-05 02:59:59,BATCH_202505_RAW_GOODS_RECEIPTS
REC-00000089,PO-00000091,SKU-0034,WH-LKO-01,2025-05-08 13:00:00,2025-05-10 18:00:00,428,0,WH-LKO-01#ASL-1#SHF-A#BIN-93,BLUEYONDER_WMS,2025-05-10 13:25:00,2026-08-05 02:59:59,BATCH_202505_RAW_GOODS_RECEIPTS
REC-00000090,PO-00000092,SKU-0113,WH-MUM-03,2025-05-10 13:00:00,2025-05-11 16:00:00,285,0,WH-MUM-03#ASL-4#SHF-A#BIN-78,BLUEYONDER_WMS,2025-05-10 13:57:00,2026-08-05 02:59:59,BATCH_202505_RAW_GOODS_RECEIPTS
REC-00000091,PO-00000093,SKU-0069,WH-DEL-02,2025-05-11 14:00:00,2025-05-13 19:00:00,386,0,WH-DEL-02#ASL-9#SHF-A#BIN-67,BLUEYONDER_WMS,2025-05-11 14:04:00,2026-08-05 02:59:59,BATCH_202505_RAW_GOODS_RECEIPTS
REC-00000092,PO-00000094,SKU-0037,WH-MUM-03,2025-05-11 13:00:00,2025-05-13 17:00:00,467,0,WH-MUM-03#ASL-6#SHF-B#BIN-36,BLUEYONDER_WMS,2025-05-11 13:32:00,2026-08-05 02:59:59,BATCH_202505_RAW_GOODS_RECEIPTS
REC-00000093,PO-00000096,SKU-0069,WH-BLR-04,2025-05-14 16:00:00,2025-05-16 20:00:00,360,0,WH-BLR-04#ASL-7#SHF-B#BIN-42,BLUEYONDER_WMS,2025-05-14 16:54:00,2026-08-05 02:59:59,BATCH_202505_RAW_GOODS_RECEIPTS
REC-00000094,PO-00000098,SKU-0132,WH-DEL-02,2025-05-14 13:00:00,15/05/2025,316,0,WH-DEL-02#ASL-8#SHF-C#BIN-85,BLUEYONDER_WMS,2025-05-14 15:12:00,2026-08-05 02:59:59,BATCH_202505_RAW_GOODS_RECEIPTS
REC-00000095,PO-00000101,SKU-0066,WH-LKO-01,2025-05-15 11:00:00,2025-05-17 13:00:00,194,0,WH-LKO-01#ASL-8#SHF-C#BIN-87,BLUEYONDER_WMS,2025-05-15 13:56:00,2026-08-05 02:59:59,BATCH_202505_RAW_GOODS_RECEIPTS
REC-00000096,PO-00000095,SKU-0037,WH-BLR-04,2025-05-16 10:00:00,2025-05-18T14:00:00Z,224,0,WH-BLR-04#ASL-4#SHF-B#BIN-12,BLUEYONDER_WMS,2025-05-16 12:57:00,2026-08-05 02:59:59,BATCH_202505_RAW_GOODS_RECEIPTS
REC-00000097,PO-00000100,SKU-0066,WH-BLR-04,2025-05-16 15:00:00,2025-05-19 19:00:00,265,0,WH-BLR-04#ASL-2#SHF-B#BIN-75,BLUEYONDER_WMS,2025-05-16 15:38:00,2026-08-05 02:59:59,BATCH_202505_RAW_GOODS_RECEIPTS
REC-00000098,PO-00000097,SKU-0003,WH-BLR-04,2025-05-19 10:00:00,2025-05-21 13:00:00,293,0,WH-BLR-04#ASL-8#SHF-B#BIN-50,BLUEYONDER_WMS,2025-05-19 11:38:00,2026-08-05 02:59:59,BATCH_202505_RAW_GOODS_RECEIPTS
REC-00000099,PO-00000099,SKU-0145,WH-LKO-01,2025-05-23 10:00:00,2025-05-24T12:00:00+05:30,303,0,WH-LKO-01#ASL-5#SHF-B#BIN-56,BLUEYONDER_WMS,2025-05-23 12:11:00,2026-08-05 02:59:59,BATCH_202505_RAW_GOODS_RECEIPTS
REC-00000100,PO-00000103,SKU-0069,WH-DEL-02,2025-05-25 15:00:00,2025-05-26 16:00:00,401,0,WH-DEL-02#ASL-8#SHF-A#BIN-86,BLUEYONDER_WMS,2025-05-25 15:54:00,2026-08-05 02:59:59,BATCH_202505_RAW_GOODS_RECEIPTS
REC-00000101,PO-00000105,SKU-0066,WH-MUM-03,2025-05-28 12:00:00,2025-05-30 17:00:00,366,0,WH-MUM-03#ASL-7#SHF-A#BIN-65,BLUEYONDER_WMS,2025-05-28 13:31:00,2026-08-05 02:59:59,BATCH_202505_RAW_GOODS_RECEIPTS
REC-00000102,PO-00000107,SKU-0066,N/A,2025-05-28 15:00:00,2025-05-29 17:00:00,241,0,WH-LKO-01#ASL-3#SHF-A#BIN-33,BLUEYONDER_WMS,2025-05-28 17:10:00,2026-08-05 02:59:59,BATCH_202505_RAW_GOODS_RECEIPTS
REC-00000103,PO-00000106,SKU-0069,WH-BLR-04,2025-05-29 09:00:00,2025-05-30 12:00:00,411,0,WH-BLR-04#ASL-9#SHF-C#BIN-88,BLUEYONDER_WMS,2025-05-29 11:18:00,2026-08-05 02:59:59,BATCH_202505_RAW_GOODS_RECEIPTS
REC-00000104,PO-00000102,SKU-0037,WH-MUM-03,2025-06-02 11:00:00,2025-06-04 12:00:00,431,0,WH-MUM-03#ASL-3#SHF-A#BIN-58,BLUEYONDER_WMS,2025-06-02 12:27:00,2026-08-05 02:59:59,BATCH_202506_RAW_GOODS_RECEIPTS
REC-00000105,PO-00000104,SKU-0048,WH-DEL-02,2025-06-02 11:00:00,2025-06-03 13:00:00,288,2,WH-DEL-02#ASL-5#SHF-B#BIN-76,BLUEYONDER_WMS,2025-06-02 13:56:00,2026-08-05 02:59:59,BATCH_202506_RAW_GOODS_RECEIPTS
REC-00000106,PO-00000110,SKU-0048,WH-LKO-01,2025-06-02 10:00:00,2025-06-04 14:00:00,360,0,WH-LKO-01#ASL-7#SHF-A#BIN-42,BLUEYONDER_WMS,2025-06-02 11:57:00,2026-08-05 02:59:59,BATCH_202506_RAW_GOODS_RECEIPTS
REC-00000107,PO-00000109, SKU-0003 ,WH-BLR-04,2025-06-08 11:00:00,2025-06-10 12:00:00,390,0,WH-BLR-04#ASL-2#SHF-B#BIN-64,BLUEYONDER_WMS,2025-06-08 12:24:00,2026-08-05 02:59:59,BATCH_202506_RAW_GOODS_RECEIPTS
REC-00000108,PO-00000111,SKU-0035,WH-BLR-04,2025-06-08 08:00:00,2025-06-11 13:00:00,445,0,WH-BLR-04#ASL-6#SHF-B#BIN-70,BLUEYONDER_WMS,2025-06-08 10:48:00,2026-08-05 02:59:59,BATCH_202506_RAW_GOODS_RECEIPTS
REC-00000109,PO-00000108,SKU-0066,WH-BLR-04,2025-06-11 14:00:00,2025-06-14 17:00:00,211,0,WH-BLR-04#ASL-6#SHF-A#BIN-99,BLUEYONDER_WMS,2025-06-11 15:47:00,2026-08-05 02:59:59,BATCH_202506_RAW_GOODS_RECEIPTS
REC-00000110,PO-00000113,SKU-0066,WH-MUM-03,2025-06-11 11:00:00,2025-06-14 14:00:00,295,0,WH-MUM-03#ASL-2#SHF-A#BIN-73,BLUEYONDER_WMS,2025-06-11 13:14:00,2026-08-05 02:59:59,BATCH_202506_RAW_GOODS_RECEIPTS
REC-00000111,PO-00000114,SKU-0066,WH-LKO-01,2025-06-11 15:00:00,2025-06-12 17:00:00,264,0,WH-LKO-01#ASL-1#SHF-B#BIN-76,BLUEYONDER_WMS,2025-06-11 15:31:00,2026-08-05 02:59:59,BATCH_202506_RAW_GOODS_RECEIPTS
REC-00000112,PO-00000115,SKU-0048,WH-LKO-01,2025-06-13 16:00:00,2025-06-16 19:00:00,385,0,WH-LKO-01#ASL-8#SHF-A#BIN-27,BLUEYONDER_WMS,2025-06-13 18:10:00,2026-08-05 02:59:59,BATCH_202506_RAW_GOODS_RECEIPTS
REC-00000113,PO-00000112,SKU-0100,WH-LKO-01,2025-06-14 14:00:00,2025-06-16 18:00:00,223,0,WH-LKO-01#ASL-9#SHF-B#BIN-95,BLUEYONDER_WMS,2025-06-14 14:15:00,2026-08-05 02:59:59,BATCH_202506_RAW_GOODS_RECEIPTS
REC-00000114,PO-00000119,SKU-0035,WH-BLR-04,2025-06-08 10:00:00,2025-06-20 11:00:00,467,0,WH-BLR-04#ASL-5#SHF-C#BIN-59,BLUEYONDER_WMS,2025-06-09 12:34:00,2026-08-05 02:59:59,BATCH_202506_RAW_GOODS_RECEIPTS
REC-00000115,PO-00000116,SKU-0006,WH-LKO-01,2025-06-21 13:00:00,2025-06-24 16:00:00,293,0,WH-LKO-01#ASL-5#SHF-C#BIN-89,BLUEYONDER_WMS,2025-06-21 14:20:00,2026-08-05 02:59:59,BATCH_202506_RAW_GOODS_RECEIPTS
REC-00000116,PO-00000117,SKU-0089,WH-BLR-04,2025-06-24 11:00:00,2025-06-26 12:00:00,373,0,WH-BLR-04#ASL-6#SHF-C#BIN-37,BLUEYONDER_WMS,2025-06-24 11:31:00,2026-08-05 02:59:59,BATCH_202506_RAW_GOODS_RECEIPTS
REC-00000117,PO-00000118,SKU-0093,WH-MUM-03,2025-06-24 09:00:00,2025-06-25 10:00:00,372,0,WH-MUM-03#ASL-3#SHF-C#BIN-10,BLUEYONDER_WMS,2025-06-24 09:26:00,2026-08-05 02:59:59,BATCH_202506_RAW_GOODS_RECEIPTS
N/A,PO-00000125,SKU-0093,WH-LKO-01,2025-06-29 16:00:00,2025-07-02 20:00:00,234,0,WH-LKO-01#ASL-2#SHF-A#BIN-18,BLUEYONDER_WMS,2025-06-29 18:41:00,2026-08-05 02:59:59,BATCH_202506_RAW_GOODS_RECEIPTS
REC-00000119,PO-00000124,SKU-0052,WH-LKO-01,2025-06-30 14:00:00,2025-07-01 17:00:00,538,0,WH-LKO-01#ASL-2#SHF-B#BIN-36,BLUEYONDER_WMS,2025-06-30 15:32:00,2026-08-05 02:59:59,BATCH_202506_RAW_GOODS_RECEIPTS
REC-00000120,PO-00000128,SKU-0030,WH-MUM-03,2025-06-30 10:00:00,2025-07-01 12:00:00,415,0,WH-MUM-03#ASL-5#SHF-B#BIN-71,BLUEYONDER_WMS,2025-06-30 12:48:00,2026-08-05 02:59:59,BATCH_202506_RAW_GOODS_RECEIPTS
REC-00000121,PO-00000131,SKU-0066,WH-LKO-01,2025-07-01 14:00:00,2025-07-04 16:00:00,222,0,WH-LKO-01#ASL-6#SHF-B#BIN-90,BLUEYONDER_WMS,2025-07-01 14:04:00,2026-08-05 02:59:59,BATCH_202507_RAW_GOODS_RECEIPTS
REC-00000122,PO-00000136,SKU-0145,WH-DEL-02,2025-07-01 16:00:00,2025-07-02 20:00:00,280,0,WH-DEL-02#ASL-6#SHF-C#BIN-66,BLUEYONDER_WMS,2025-07-05 18:01:00,2026-08-05 02:59:59,BATCH_202507_RAW_GOODS_RECEIPTS
REC-00000123,PO-ORPHAN-999999,SKU-0150,WH-DEL-02,2025-07-02 09:00:00,2025-07-05 10:00:00,393,0,WH-DEL-02#ASL-1#SHF-A#BIN-80,BLUEYONDER_WMS,2025-07-02 10:10:00,2026-08-05 02:59:59,BATCH_202507_RAW_GOODS_RECEIPTS
REC-00000124,PO-00000135,SKU-0069,WH-LKO-01,2025-07-02 11:00:00,2025-07-03 12:00:00,431,0,WH-LKO-01#ASL-7#SHF-C#BIN-73,BLUEYONDER_WMS,2025-07-02 13:29:00,2026-08-05 02:59:59,BATCH_202507_RAW_GOODS_RECEIPTS
REC-00000125,PO-00000121,SKU-0066,WH-BLR-04,2025-07-04 13:00:00,2025-07-05 16:00:00,241,0,WH-BLR-04#ASL-6#SHF-B#BIN-18,BLUEYONDER_WMS,2025-07-04 14:31:00,2026-08-05 02:59:59,BATCH_202507_RAW_GOODS_RECEIPTS
REC-00000126,PO-00000122,SKU-0105,WH-MUM-03,2025-07-04 16:00:00,2025-07-05 19:00:00,502,0,WH-MUM-03#ASL-3#SHF-C#BIN-70,BLUEYONDER_WMS,2025-07-08 17:12:00,2026-08-05 02:59:59,BATCH_202507_RAW_GOODS_RECEIPTS
REC-00000127,PO-00000129,SKU-0064,WH-BLR-04,2025-07-04 14:00:00,2025-07-06 19:00:00,511,0,WH-BLR-04#ASL-5#SHF-C#BIN-61,BLUEYONDER_WMS,2025-07-04 15:29:00,2026-08-05 02:59:59,BATCH_202507_RAW_GOODS_RECEIPTS
REC-00000128,PO-00000133,SKU-0131,WH-DEL-02,2025-07-04 09:00:00,2025-07-05 11:00:00,471,0,WH-DEL-02#ASL-9#SHF-B#BIN-72,BLUEYONDER_WMS,2025-07-04 12:00:00,2026-08-05 02:59:59,BATCH_202507_RAW_GOODS_RECEIPTS
REC-00000129,PO-00000126,SKU-0145,WH-LKO-01,2025-07-05 10:00:00,2025-07-06 11:00:00,466,0,WH-LKO-01#ASL-2#SHF-A#BIN-99,BLUEYONDER_WMS,2025-07-05 10:03:00,2026-08-05 02:59:59,BATCH_202507_RAW_GOODS_RECEIPTS
REC-00000130,PO-00000140,SKU-0050,WH-DEL-02,2025-07-05 15:00:00,2025-07-08 17:00:00,400,0,WH-DEL-02#ASL-4#SHF-B#BIN-71,BLUEYONDER_WMS,2025-07-05 15:49:00,2026-08-05 02:59:59,BATCH_202507_RAW_GOODS_RECEIPTS
REC-00000131,PO-00000127,SKU-0027,WH-BLR-04,2025-07-07 09:00:00,2025-07-10 10:00:00,400,0,WH-BLR-04#ASL-7#SHF-C#BIN-28,BLUEYONDER_WMS,2025-07-07 11:16:00,2026-08-05 02:59:59,BATCH_202507_RAW_GOODS_RECEIPTS
REC-00000132,PO-00000132,SKU-0052,WH-BLR-04,2025-07-09 13:00:00,2025-07-11 18:00:00,431,0,WH-BLR-04#ASL-9#SHF-A#BIN-13,BLUEYONDER_WMS,2025-07-09 13:41:00,2026-08-05 02:59:59,BATCH_202507_RAW_GOODS_RECEIPTS
REC-00000133,PO-00000139,SKU-0006,WH-LKO-01,2025-07-09 16:00:00,2025-07-10 17:00:00,259,0,WH-LKO-01#ASL-2#SHF-A#BIN-64,BLUEYONDER_WMS,2025-07-09 17:59:00,2026-08-05 02:59:59,BATCH_202507_RAW_GOODS_RECEIPTS
rec-00000134,PO-00000134,SKU-0054,WH-BLR-04,2025-07-10 09:00:00,2025-07-12 13:00:00,425,0,WH-BLR-04#ASL-5#SHF-B#BIN-57,BLUEYONDER_WMS,2025-07-10 09:28:00,2026-08-05 02:59:59,BATCH_202507_RAW_GOODS_RECEIPTS
REC-00000135,PO-00000147,SKU-0116,WH-BLR-04,2025-07-12 11:00:00,2025-07-13 12:00:00,414,0,WH-BLR-04#ASL-2#SHF-B#BIN-88,BLUEYONDER_WMS,2025-07-12 14:00:00,2026-08-05 02:59:59,BATCH_202507_RAW_GOODS_RECEIPTS
REC-00000136,PO-00000142,SKU-0137,WH-LKO-01,2025-07-13 10:00:00,2025-07-16 12:00:00,365,0,WH-LKO-01#ASL-4#SHF-C#BIN-14,BLUEYONDER_WMS,2025-07-13 10:25:00,2026-08-05 02:59:59,BATCH_202507_RAW_GOODS_RECEIPTS
REC-00000137,PO-00000151,SKU-0099,WH-LKO-01,2025-07-13 15:00:00,2025-07-16 19:00:00,516,0,WH-LKO-01#ASL-2#SHF-A#BIN-40,BLUEYONDER_WMS,2025-07-13 15:33:00,2026-08-05 02:59:59,BATCH_202507_RAW_GOODS_RECEIPTS
REC-00000138,PO-00000141,SKU-0016,WH-LKO-01,2025-07-14 09:00:00,1752654600,341,0,WH-LKO-01#ASL-9#SHF-B#BIN-45,BLUEYONDER_WMS,2025-07-14 09:14:00,2026-08-05 02:59:59,BATCH_202507_RAW_GOODS_RECEIPTS
REC-00000139,PO-00000148,SKU-0002,WH-DEL-02,2025-07-14 09:00:00,2025-07-16T12:00:00Z,220,0,WH-DEL-02#ASL-9#SHF-A#BIN-59,BLUEYONDER_WMS,2025-07-14 11:27:00,2026-08-05 02:59:59,BATCH_202507_RAW_GOODS_RECEIPTS
REC-00000140,PO-00000143,SKU-0015,WH-LKO-01,2025-07-15 13:00:00,2025-07-16 17:00:00,636,0,WH-LKO-01#ASL-2#SHF-B#BIN-29,BLUEYONDER_WMS,2025-07-15 15:14:00,2026-08-05 02:59:59,BATCH_202507_RAW_GOODS_RECEIPTS
REC-00000141,PO-00000145,SKU-0089,WH-BLR-04,2025-06-24 16:00:00,45855,499,0,WH-BLR-04#ASL-3#SHF-C#BIN-68,BLUEYONDER_WMS,2025-06-24 17:47:00,2026-08-05 02:59:59,BATCH_202506_RAW_GOODS_RECEIPTS
REC-00000142,PO-00000144,SKU-0016,WH-BLR-04,2025-07-18 08:00:00,2025-07-21 11:00:00,346,0,WH-BLR-04#ASL-5#SHF-B#BIN-34,BLUEYONDER_WMS,2025-07-18 09:09:00,2026-08-05 02:59:59,BATCH_202507_RAW_GOODS_RECEIPTS
REC-00000143,PO-00000138,SKU-0102,WH-LKO-01,2025-07-20 12:00:00,2025-07-23 13:00:00,550,0,WH-LKO-01#ASL-9#SHF-B#BIN-77,BLUEYONDER_WMS,2025-07-20 13:43:00,2026-08-05 02:59:59,BATCH_202507_RAW_GOODS_RECEIPTS
REC-00000144,PO-00000158,SKU-0117,WH-MUM-03,2025-07-20 08:00:00,23/07/2025,296,0,WH-MUM-03#ASL-3#SHF-C#BIN-33,BLUEYONDER_WMS,2025-07-20 08:12:00,2026-08-05 02:59:59,BATCH_202507_RAW_GOODS_RECEIPTS
REC-00000145,PO-00000150,SKU-0145,WH-BLR-04,2025-07-21 08:00:00,2025-07-22 10:00:00,309,0,WH-BLR-04#ASL-4#SHF-B#BIN-30,BLUEYONDER_WMS,2025-07-21 10:41:00,2026-08-05 02:59:59,BATCH_202507_RAW_GOODS_RECEIPTS
REC-00000146,PO-00000154,SKU-0132,WH-BLR-04,2025-07-21 14:00:00,2025-07-23 19:00:00,226,0,WH-BLR-04#ASL-3#SHF-C#BIN-60,BLUEYONDER_WMS,2025-07-21 15:17:00,2026-08-05 02:59:59,BATCH_202507_RAW_GOODS_RECEIPTS
REC-00000147,PO-00000149,SKU-0027,WH-DEL-02,2025-07-23 14:00:00,2025-07-26 19:00:00,363,0,WH-DEL-02#ASL-9#SHF-B#BIN-68,BLUEYONDER_WMS,2025-07-23 15:22:00,2026-08-05 02:59:59,BATCH_202507_RAW_GOODS_RECEIPTS
REC-00000148,PO-00000152,SKU-0066,WH-LKO-01,2025-07-23 13:00:00,2025-07-26 15:00:00,473,0,WH-LKO-01#ASL-9#SHF-C#BIN-79,BLUEYONDER_WMS,2025-07-23 13:56:00,2026-08-05 02:59:59,BATCH_202507_RAW_GOODS_RECEIPTS
REC-00000149,PO-00000155,SKU-0146,WH-BLR-04,2025-07-23 10:00:00,2025-07-24 15:00:00,348,0,WH-BLR-04#ASL-7#SHF-A#BIN-34,BLUEYONDER_WMS,2025-07-23 10:28:00,2026-08-05 02:59:59,BATCH_202507_RAW_GOODS_RECEIPTS
REC-00000150,PO-00000156,SKU-0150,WH-DEL-02,2025-07-23 13:00:00,2025-07-26 15:00:00,300,0,WH-DEL-02#ASL-2#SHF-C#BIN-51,BLUEYONDER_WMS,2025-07-23 13:14:00,2026-08-05 02:59:59,BATCH_202507_RAW_GOODS_RECEIPTS
REC-00000151,PO-00000159,SKU-0132,WH-MUM-03,2025-07-23 13:00:00,2025-07-24 14:00:00,335,0,WH-MUM-03#ASL-3#SHF-A#BIN-36,BLUEYONDER_WMS,2025-07-23 15:40:00,2026-08-05 02:59:59,BATCH_202507_RAW_GOODS_RECEIPTS
REC-00000152,PO-00000164,SKU-0052,WH-BLR-04,2025-07-23 14:00:00,2025-07-24 18:00:00,415,0,WH-BLR-04#ASL-7#SHF-C#BIN-78,BLUEYONDER_WMS,2025-07-23 14:41:00,2026-08-05 02:59:59,BATCH_202507_RAW_GOODS_RECEIPTS
REC-00000153,PO-00000167,SKU-0066,WH-MUM-03,2025-07-24 12:00:00,2025-07-25 16:00:00,514,0,WH-MUM-03#ASL-6#SHF-C#BIN-15,BLUEYONDER_WMS,2025-07-24 14:46:00,2026-08-05 02:59:59,BATCH_202507_RAW_GOODS_RECEIPTS
REC-00000154,PO-00000172,SKU-0099,WH-LKO-01,2025-07-24 10:00:00,2025-07-25 13:00:00,579,0,WH-LKO-01#ASL-6#SHF-C#BIN-24,BLUEYONDER_WMS,2025-07-24 12:58:00,2026-08-05 02:59:59,BATCH_202507_RAW_GOODS_RECEIPTS
REC-00000155,PO-00000137,SKU-0001,WH-DEL-02,2025-07-25 15:00:00,2025-07-26 19:00:00,476,0,WH-DEL-02#ASL-1#SHF-C#BIN-45,BLUEYONDER_WMS,2025-07-25 16:18:00,2026-08-05 02:59:59,BATCH_202507_RAW_GOODS_RECEIPTS
REC-00000156,PO-00000146,SKU-0087,WH-DEL-02,2025-07-25 08:00:00,2025-07-28 12:00:00,225,0,WH-DEL-02#ASL-8#SHF-A#BIN-15,BLUEYONDER_WMS,2025-07-25 09:55:00,2026-08-05 02:59:59,BATCH_202507_RAW_GOODS_RECEIPTS
REC-00000157,PO-00000160,SKU-0050,WH-DEL-02,2025-07-25 10:00:00,2025-07-28 14:00:00,486,12,WH-DEL-02#ASL-4#SHF-C#BIN-92,BLUEYONDER_WMS,2025-07-25 10:37:00,2026-08-05 02:59:59,BATCH_202507_RAW_GOODS_RECEIPTS
REC-00000158,PO-00000174,sku-0138,WH-LKO-01,2025-07-25 13:00:00,2025-07-27 14:00:00,341,0,WH-LKO-01#ASL-4#SHF-A#BIN-82,BLUEYONDER_WMS,2025-07-25 13:47:00,2026-08-05 02:59:59,BATCH_202507_RAW_GOODS_RECEIPTS
REC-00000159,PO-00000157,SKU-0101,WH-BLR-04,2025-07-28 13:00:00,2025-07-30 17:00:00,560,0,WH-BLR-04#ASL-3#SHF-A#BIN-70,BLUEYONDER_WMS,2025-07-28 14:25:00,2026-08-05 02:59:59,BATCH_202507_RAW_GOODS_RECEIPTS
REC-00000160,PO-00000162,SKU-0044,WH-MUM-03,2025-07-28 11:00:00,2025-07-29 15:00:00,408,0,WH-MUM-03#ASL-6#SHF-A#BIN-39,BLUEYONDER_WMS,2025-07-28 12:21:00,2026-08-05 02:59:59,BATCH_202507_RAW_GOODS_RECEIPTS
REC-00000161,PO-00000169,SKU-0146,WH-DEL-02,2025-07-28 11:00:00,2025-07-29 12:00:00,510,0,WH-DEL-02#ASL-4#SHF-B#BIN-83,BLUEYONDER_WMS,2025-07-28 12:44:00,2026-08-05 02:59:59,BATCH_202507_RAW_GOODS_RECEIPTS
REC-00000162,PO-00000170,SKU-0091,WH-BLR-04,2025-07-28 13:00:00,2025-07-30 17:00:00,373,0,WH-BLR-04#ASL-6#SHF-A#BIN-70,BLUEYONDER_WMS,2025-07-28 13:05:00,2026-08-05 02:59:59,BATCH_202507_RAW_GOODS_RECEIPTS
REC-00000163,PO-00000163,SKU-0053,WH-DEL-02,2025-07-29 14:00:00,2025-08-01T18:00:00+05:30,577,0,WH-DEL-02#ASL-9#SHF-B#BIN-60,BLUEYONDER_WMS,2025-07-29 16:12:00,2026-08-05 02:59:59,BATCH_202507_RAW_GOODS_RECEIPTS
REC-00000164,PO-00000171,SKU-0091,WH-DEL-02,2025-07-29 09:00:00,2025-07-31 11:00:00,634,0,WH-DEL-02#ASL-8#SHF-A#BIN-99,BLUEYONDER_WMS,2025-07-29 09:05:00,2026-08-05 02:59:59,BATCH_202507_RAW_GOODS_RECEIPTS
REC-00000165,PO-00000177,SKU-0150,WH-MUM-03,2025-07-29 09:00:00,2025-07-31 14:00:00,340,0,WH-MUM-03#ASL-5#SHF-B#BIN-61,BLUEYONDER_WMS,2025-07-29 11:43:00,2026-08-05 02:59:59,BATCH_202507_RAW_GOODS_RECEIPTS
REC-00000166,PO-00000168,SKU-0083,WH-MUM-03,2025-07-30 16:00:00,2025-08-02 20:00:00,477,0,WH-MUM-03#ASL-1#SHF-B#BIN-87,BLUEYONDER_WMS,2025-07-30 17:10:00,2026-08-05 02:59:59,BATCH_202507_RAW_GOODS_RECEIPTS
REC-00000167,PO-00000153,SKU-0095,WH-BLR-04,2025-07-31 16:00:00,2025-08-01 20:00:00,557,0,WH-BLR-04#ASL-3#SHF-B#BIN-20,BLUEYONDER_WMS,2025-07-31 17:34:00,2026-08-05 02:59:59,BATCH_202507_RAW_GOODS_RECEIPTS
REC-00000168,PO-00000180,SKU-0134,WH-BLR-04,2025-07-31 10:00:00,2025-08-03 12:00:00,404,0,WH-BLR-04#ASL-6#SHF-B#BIN-91,BLUEYONDER_WMS,2025-07-31 11:31:00,2026-08-05 02:59:59,BATCH_202507_RAW_GOODS_RECEIPTS
REC-00000169,PO-00000185,SKU-0035,WH-MUM-03,2025-08-02 16:00:00,2025-08-03 19:00:00,422,0,WH-MUM-03#ASL-2#SHF-B#BIN-21,BLUEYONDER_WMS,2025-08-02 18:36:00,2026-08-05 02:59:59,BATCH_202508_RAW_GOODS_RECEIPTS
REC-00000170,PO-00000173,SKU-0137,WH-LKO-01,2025-08-03 11:00:00,2025-08-05 12:00:00,340,0,WH-LKO-01#ASL-5#SHF-C#BIN-24,BLUEYONDER_WMS,2025-08-05 12:30:00,2026-08-05 02:59:59,BATCH_202508_RAW_GOODS_RECEIPTS
REC-00000171,PO-00000182,SKU-0066,WH-BLR-04,2025-08-03 10:00:00,2025-08-05 15:00:00,205,2,WH-BLR-04#ASL-8#SHF-B#BIN-29,BLUEYONDER_WMS,2025-08-03 12:22:00,2026-08-05 02:59:59,BATCH_202508_RAW_GOODS_RECEIPTS
REC-00000172,PO-00000190,SKU-0071,WH-MUM-03,2025-08-03 15:00:00,2025-08-05 19:00:00,362,0,WH-MUM-03#ASL-9#SHF-A#BIN-75,BLUEYONDER_WMS,2025-08-03 15:45:00,2026-08-05 02:59:59,BATCH_202508_RAW_GOODS_RECEIPTS
REC-00000173,PO-00000166,SKU-0054,WH-BLR-04,2025-08-04 08:00:00,2025-08-05 09:00:00,457,0,WH-BLR-04#ASL-6#SHF-A#BIN-81,BLUEYONDER_WMS,2025-08-04 08:25:00,2026-08-05 02:59:59,BATCH_202508_RAW_GOODS_RECEIPTS
REC-00000174,PO-00000175,SKU-0002,WH-DEL-02,2025-08-04 12:00:00,2025-08-07 17:00:00,289,0,WH-DEL-02#ASL-6#SHF-B#BIN-76,BLUEYONDER_WMS,2025-08-04 13:47:00,2026-08-05 02:59:59,BATCH_202508_RAW_GOODS_RECEIPTS
REC-00000175,PO-00000184,SKU-0028,WH-BLR-04,2025-08-04 11:00:00,2025-08-06 12:00:00,510,0,WH-BLR-04#ASL-9#SHF-B#BIN-53,BLUEYONDER_WMS,2025-08-04 11:24:00,2026-08-05 02:59:59,BATCH_202508_RAW_GOODS_RECEIPTS
REC-00000176,PO-00000187,SKU-0117,WH-MUM-03,2025-08-04 10:00:00,2025-08-07 12:00:00,321,0,WH-MUM-03#ASL-1#SHF-B#BIN-79,BLUEYONDER_WMS,2025-08-04 11:32:00,2026-08-05 02:59:59,BATCH_202508_RAW_GOODS_RECEIPTS
REC-00000177,PO-00000179,SKU-0107,WH-MUM-03,2025-08-05 08:00:00,2025-08-07 10:00:00,455,0,WH-MUM-03#ASL-8#SHF-C#BIN-35,BLUEYONDER_WMS,2025-08-05 08:52:00,2026-08-05 02:59:59,BATCH_202508_RAW_GOODS_RECEIPTS
REC-00000178,PO-00000176,SKU-0126,WH-BLR-04,2025-08-06 15:00:00,2025-08-07 16:00:00,587,0,WH-BLR-04#ASL-2#SHF-C#BIN-13,BLUEYONDER_WMS,2025-08-09 15:22:00,2026-08-05 02:59:59,BATCH_202508_RAW_GOODS_RECEIPTS
REC-00000179,PO-00000178,SKU-0027,WH-MUM-03,2025-08-06 11:00:00,2025-08-09 12:00:00,663,0,WH-MUM-03#ASL-6#SHF-C#BIN-58,BLUEYONDER_WMS,2025-08-06 12:43:00,2026-08-05 02:59:59,BATCH_202508_RAW_GOODS_RECEIPTS
REC-00000180,PO-00000181,SKU-0016,WH-BLR-04,2025-08-06 10:00:00,2025-08-08 12:00:00,370,0,WH-BLR-04#ASL-9#SHF-C#BIN-75,BLUEYONDER_WMS,2025-08-06 12:47:00,2026-08-05 02:59:59,BATCH_202508_RAW_GOODS_RECEIPTS
REC-00000181,PO-00000189,SKU-0132,WH-BLR-04,2025-08-06 11:00:00,2025-08-09 16:00:00,304,0,WH-BLR-04#ASL-7#SHF-A#BIN-23,BLUEYONDER_WMS,2025-08-06 13:41:00,2026-08-05 02:59:59,BATCH_202508_RAW_GOODS_RECEIPTS
 REC-00000182 ,PO-00000191,SKU-0009,WH-BLR-04,2025-08-06 11:00:00,2025-08-09 16:00:00,507,0,WH-BLR-04#ASL-5#SHF-C#BIN-21,BLUEYONDER_WMS,2025-08-06 12:07:00,2026-08-05 02:59:59,BATCH_202508_RAW_GOODS_RECEIPTS
REC-00000183,PO-00000194,SKU-0138,WH-LKO-01,2025-08-06 12:00:00,2025-08-08 13:00:00,347,0,WH-LKO-01#ASL-6#SHF-B#BIN-33,BLUEYONDER_WMS,2025-08-06 14:09:00,2026-08-05 02:59:59,BATCH_202508_RAW_GOODS_RECEIPTS
REC-00000184,PO-00000161,SKU-0027,WH-BLR-04,2025-08-08 11:00:00,2025-08-11 16:00:00,532,0,WH-BLR-04#ASL-2#SHF-B#BIN-43,BLUEYONDER_WMS,2025-08-08 13:24:00,2026-08-05 02:59:59,BATCH_202508_RAW_GOODS_RECEIPTS
REC-00000185,PO-00000183,SKU-0004,WH-MUM-03,2025-08-08 12:00:00,2025-08-11 16:00:00,492,0,WH-MUM-03#ASL-6#SHF-A#BIN-21,BLUEYONDER_WMS,2025-08-08 13:43:00,2026-08-05 02:59:59,BATCH_202508_RAW_GOODS_RECEIPTS
REC-00000186,PO-00000197,SKU-0058,WH-MUM-03,2025-08-08 12:00:00,2025-08-10 14:00:00,308,0,WH-MUM-03#ASL-2#SHF-A#BIN-11,BLUEYONDER_WMS,2025-08-08 14:21:00,2026-08-05 02:59:59,BATCH_202508_RAW_GOODS_RECEIPTS
REC-00000187,PO-00000186,SKU-0102,WH-LKO-01,2025-08-09 10:00:00,2025-08-12 13:00:00,453,0,WH-LKO-01#ASL-6#SHF-B#BIN-54,BLUEYONDER_WMS,2025-08-09 11:05:00,2026-08-05 02:59:59,BATCH_202508_RAW_GOODS_RECEIPTS
REC-00000188,PO-00000193,SKU-0066,WH-LKO-01,2025-08-09 15:00:00,2025-08-10 18:00:00,407,0,WH-LKO-01#ASL-8#SHF-B#BIN-53,BLUEYONDER_WMS,2025-08-09 15:04:00,2026-08-05 02:59:59,BATCH_202508_RAW_GOODS_RECEIPTS
REC-00000189,PO-00000208,SKU-0148,WH-BLR-04,45879,2025-08-11 21:00:00,336,11,WH-BLR-04#ASL-5#SHF-A#BIN-53,BLUEYONDER_WMS,2025-08-10 18:12:00,2026-08-05 02:59:59,BATCH_202508_RAW_GOODS_RECEIPTS
REC-00000190,PO-00000165,SKU-0129,WH-LKO-01,2025-08-11 14:00:00,2025-08-12 18:00:00,510,0,WH-LKO-01#ASL-5#SHF-B#BIN-20,BLUEYONDER_WMS,2025-08-11 17:00:00,2026-08-05 02:59:59,BATCH_202508_RAW_GOODS_RECEIPTS
REC-00000191,PO-00000209,SKU-0150,WH-MUM-03,2025-08-12 15:00:00,2025-08-14 19:00:00,291,0,WH-MUM-03#ASL-9#SHF-A#BIN-61,BLUEYONDER_WMS,2025-08-12 16:57:00,2026-08-05 02:59:59,BATCH_202508_RAW_GOODS_RECEIPTS
REC-00000192,PO-00000192,SKU-0027,WH-DEL-02,2025-08-13 14:00:00,2025-08-15 18:00:00,455,15,WH-DEL-02#ASL-6#SHF-C#BIN-50,BLUEYONDER_WMS,2025-08-13 16:07:00,2026-08-05 02:59:59,BATCH_202508_RAW_GOODS_RECEIPTS
REC-00000193,PO-00000220,SKU-0126,WH-MUM-03,2025-08-13 15:00:00,2025-08-15T19:00:00Z,395,0,WH-MUM-03#ASL-4#SHF-C#BIN-77,BLUEYONDER_WMS,2025-08-13 17:45:00,2026-08-05 02:59:59,BATCH_202508_RAW_GOODS_RECEIPTS
REC-00000194,PO-00000188,SKU-0076,WH-BLR-04,2025-08-14 15:00:00,2025-08-15 18:00:00,649,0,WH-BLR-04#ASL-3#SHF-B#BIN-10,BLUEYONDER_WMS,2025-08-14 17:42:00,2026-08-05 02:59:59,BATCH_202508_RAW_GOODS_RECEIPTS
REC-00000195,PO-00000206,SKU-0091,WH-DEL-02,2025-08-14 09:00:00,2025-08-17 11:00:00,534,0,WH-DEL-02#ASL-5#SHF-A#BIN-48,BLUEYONDER_WMS,2025-08-14 11:46:00,2026-08-05 02:59:59,BATCH_202508_RAW_GOODS_RECEIPTS
REC-00000196,PO-00000199,SKU-0104,WH-DEL-02,2025-08-15 12:00:00,2025-08-16 16:00:00,339,0,WH-DEL-02#ASL-5#SHF-A#BIN-35,BLUEYONDER_WMS,2025-08-15 14:15:00,2026-08-05 02:59:59,BATCH_202508_RAW_GOODS_RECEIPTS
REC-00000197,PO-00000221,SKU-0148,WH-LKO-01,2025-08-15 10:00:00,2025-08-18 12:00:00,442,0,WH-LKO-01#ASL-5#SHF-C#BIN-85,BLUEYONDER_WMS,2025-08-15 12:59:00,2026-08-05 02:59:59,BATCH_202508_RAW_GOODS_RECEIPTS
REC-00000198,PO-00000198,SKU-0074,WH-DEL-02,2025-08-16 10:00:00,2025-08-19 12:00:00,453,0,WH-DEL-02#ASL-2#SHF-B#BIN-22,BLUEYONDER_WMS,2025-08-16 12:58:00,2026-08-05 02:59:59,BATCH_202508_RAW_GOODS_RECEIPTS
REC-00000199,PO-00000201,SKU-0139,WH-BLR-04,2025-08-16 12:00:00,2025-08-19 13:00:00,538,0,WH-BLR-04#ASL-9#SHF-A#BIN-66,BLUEYONDER_WMS,2025-08-16 12:11:00,2026-08-05 02:59:59,BATCH_202508_RAW_GOODS_RECEIPTS
REC-00000200,PO-00000212,SKU-0083,WH-MUM-03,2025-08-17 12:00:00,2025-08-19 15:00:00,437,0,WH-MUM-03#ASL-2#SHF-C#BIN-65,BLUEYONDER_WMS,2025-08-17 14:18:00,2026-08-05 02:59:59,BATCH_202508_RAW_GOODS_RECEIPTS
REC-00000201,PO-00000226,SKU-0028,WH-BLR-04,2025-08-17 09:00:00,2025-08-20 13:00:00,522,0,WH-BLR-04#ASL-5#SHF-C#BIN-87,BLUEYONDER_WMS,2025-08-17 10:51:00,2026-08-05 02:59:59,BATCH_202508_RAW_GOODS_RECEIPTS
REC-00000202,PO-00000214,SKU-0035,WH-DEL-02,08-18-2025,2025-08-20 19:00:00,481,0,WH-DEL-02#ASL-1#SHF-C#BIN-67,BLUEYONDER_WMS,2025-08-18 14:15:00,2026-08-05 02:59:59,BATCH_202508_RAW_GOODS_RECEIPTS
REC-00000203,PO-ORPHAN-999999,SKU-0071,WH-MUM-03,45887,2025-08-21 19:00:00,449,0,WH-MUM-03#ASL-5#SHF-B#BIN-26,BLUEYONDER_WMS,2025-08-18 15:16:00,2026-08-05 02:59:59,BATCH_202508_RAW_GOODS_RECEIPTS
REC-00000204,PO-00000195,SKU-0078,WH-DEL-02,2025-08-19 10:00:00,2025-08-20 14:00:00,342,4,WH-DEL-02#ASL-6#SHF-B#BIN-79,BLUEYONDER_WMS,2025-08-19 12:21:00,2026-08-05 02:59:59,BATCH_202508_RAW_GOODS_RECEIPTS
REC-00000205,PO-00000200,SKU-0110,WH-BLR-04,2025-08-19 08:00:00,2025-08-22 13:00:00,614,0,WH-BLR-04#ASL-8#SHF-C#BIN-42,BLUEYONDER_WMS,2025-08-19 10:28:00,2026-08-05 02:59:59,BATCH_202508_RAW_GOODS_RECEIPTS
REC-00000206,PO-00000210,SKU-0023,WH-LKO-01,2025-08-19 16:00:00,2025-08-22 19:00:00,620,0,WH-LKO-01#ASL-8#SHF-C#BIN-82,BLUEYONDER_WMS,2025-08-19 18:11:00,2026-08-05 02:59:59,BATCH_202508_RAW_GOODS_RECEIPTS
REC-00000207,PO-00000217,SKU-0008,WH-LKO-01,2025-08-20 13:00:00,2025-08-22 18:00:00,305,0,WH-LKO-01#ASL-5#SHF-C#BIN-80,BLUEYONDER_WMS,2025-08-20 14:54:00,2026-08-05 02:59:59,BATCH_202508_RAW_GOODS_RECEIPTS
REC-00000208,PO-00000218,SKU-0038,WH-MUM-03,2025-08-20 08:00:00,2025-08-23 10:00:00,335,0,WH-MUM-03#ASL-4#SHF-C#BIN-71,BLUEYONDER_WMS,2025-08-20 09:44:00,2026-08-05 02:59:59,BATCH_202508_RAW_GOODS_RECEIPTS
REC-00000209,PO-00000224,SKU-0092,WH-BLR-04,2025-08-20 11:00:00,45891,582,0,WH-BLR-04#ASL-8#SHF-A#BIN-43,BLUEYONDER_WMS,2025-08-20 12:51:00,2026-08-05 02:59:59,BATCH_202508_RAW_GOODS_RECEIPTS
REC-00000210,PO-00000207,SKU-0095,WH-MUM-03,2025-08-21 14:00:00,2025-08-22 17:00:00,518,0,WH-MUM-03#ASL-8#SHF-A#BIN-40,BLUEYONDER_WMS,2025-08-21 16:01:00,2026-08-05 02:59:59,BATCH_202508_RAW_GOODS_RECEIPTS
REC-00000211,PO-00000213,SKU-0103,WH-MUM-03,2025-08-21 11:00:00,2025-08-23 14:00:00,434,0,WH-MUM-03#ASL-7#SHF-B#BIN-85,BLUEYONDER_WMS,2025-08-21 11:49:00,2026-08-05 02:59:59,BATCH_202508_RAW_GOODS_RECEIPTS
REC-00000212,PO-00000228,SKU-0067,WH-LKO-01,2025-08-21 12:00:00,2025-08-24 17:00:00,335,0,WH-LKO-01#ASL-6#SHF-A#BIN-42,BLUEYONDER_WMS,2025-08-21 12:50:00,2026-08-05 02:59:59,BATCH_202508_RAW_GOODS_RECEIPTS
REC-00000213,PO-00000230,SKU-0013,WH-LKO-01,2025-08-21 14:00:00,2025-08-23 16:00:00,482,0,WH-LKO-01#ASL-6#SHF-C#BIN-70,BLUEYONDER_WMS,2025-08-21 15:20:00,2026-08-05 02:59:59,BATCH_202508_RAW_GOODS_RECEIPTS
REC-00000214,PO-00000231,SKU-0107,WH-MUM-03,2025-08-21 08:00:00,2025-08-24T12:00:00+05:30,568,0,WH-MUM-03#ASL-2#SHF-A#BIN-19,BLUEYONDER_WMS,2025-08-21 10:00:00,2026-08-05 02:59:59,BATCH_202508_RAW_GOODS_RECEIPTS
REC-00000215,PO-00000234,SKU-0032,WH-DEL-02,2025-08-22 12:00:00,2025-08-25 15:00:00,452,0,WH-DEL-02#ASL-7#SHF-A#BIN-85,BLUEYONDER_WMS,2025-08-22 14:58:00,2026-08-05 02:59:59,BATCH_202508_RAW_GOODS_RECEIPTS
REC-00000216,PO-00000204,SKU-0053,WH-DEL-02,2025-08-23 12:00:00,2025-08-24 15:00:00,431,0,WH-DEL-02#ASL-1#SHF-A#BIN-11,BLUEYONDER_WMS,2025-08-28 12:14:00,2026-08-05 02:59:59,BATCH_202508_RAW_GOODS_RECEIPTS
REC-00000217,PO-ORPHAN-999999,SKU-0053,WH-BLR-04,2025-08-23 14:00:00,2025-08-24 15:00:00,588,0,WH-BLR-04#ASL-8#SHF-B#BIN-84,BLUEYONDER_WMS,2025-08-23 14:18:00,2026-08-05 02:59:59,BATCH_202508_RAW_GOODS_RECEIPTS
REC-00000218,PO-00000232,SKU-0009,WH-BLR-04,2025-08-24 13:00:00,2025-08-25 18:00:00,594,0,WH-BLR-04#ASL-4#SHF-C#BIN-37,BLUEYONDER_WMS,2025-08-24 14:33:00,2026-08-05 02:59:59,BATCH_202508_RAW_GOODS_RECEIPTS
REC-00000219,PO-00000211,SKU-0026,WH-BLR-04,2025-08-25 09:00:00,2025-08-26T11:00:00Z,321,0,WH-BLR-04#ASL-4#SHF-C#BIN-10,BLUEYONDER_WMS,2025-08-25 09:17:00,2026-08-05 02:59:59,BATCH_202508_RAW_GOODS_RECEIPTS
REC-00000220,PO-00000238,SKU-0008,WH-MUM-03,2025-08-26 10:00:00,2025-08-28 13:00:00,419,0,WH-MUM-03#ASL-1#SHF-C#BIN-75,BLUEYONDER_WMS,2025-08-26 11:49:00,2026-08-05 02:59:59,BATCH_202508_RAW_GOODS_RECEIPTS
REC-00000221,PO-00000239,SKU-0013,WH-BLR-04,2025-08-26 13:00:00,2025-08-28 14:00:00,558,0,WH-BLR-04#ASL-2#SHF-B#BIN-29,BLUEYONDER_WMS,2025-08-26 15:36:00,2026-08-05 02:59:59,BATCH_202508_RAW_GOODS_RECEIPTS
REC-00000222,PO-00000202,SKU-0091,WH-BLR-04,2025-08-27 15:00:00,2025-08-28 16:00:00,336,0,WH-BLR-04#ASL-7#SHF-C#BIN-94,BLUEYONDER_WMS,2025-08-27 15:08:00,2026-08-05 02:59:59,BATCH_202508_RAW_GOODS_RECEIPTS
REC-00000223,PO-00000229,SKU-0081,WH-MUM-03,2025-08-27 10:00:00,2025-08-30 13:00:00,663,0,WH-MUM-03#ASL-7#SHF-B#BIN-54,BLUEYONDER_WMS,2025-08-27 10:50:00,2026-08-05 02:59:59,BATCH_202508_RAW_GOODS_RECEIPTS
REC-00000224,PO-00000222,SKU-0060,WH-LKO-01,2025-08-28 16:00:00,2025-08-31 21:00:00,395,0,WH-LKO-01#ASL-7#SHF-B#BIN-44,BLUEYONDER_WMS,2025-08-28 18:14:00,2026-08-05 02:59:59,BATCH_202508_RAW_GOODS_RECEIPTS
REC-00000225,PO-00000242,SKU-0045,WH-LKO-01,2025-08-28 08:00:00,29/08/2025,304,0,WH-LKO-01#ASL-9#SHF-B#BIN-60,BLUEYONDER_WMS,2025-08-28 09:30:00,2026-08-05 02:59:59,BATCH_202508_RAW_GOODS_RECEIPTS
REC-00000226,PO-00000246,SKU-0050,WH-LKO-01,2025-08-28 10:00:00,2025-08-29 12:00:00,443,0,WH-LKO-01#ASL-8#SHF-B#BIN-62,BLUEYONDER_WMS,2025-08-28 10:03:00,2026-08-05 02:59:59,BATCH_202508_RAW_GOODS_RECEIPTS
REC-00000227,PO-00000251,SKU-0126,WH-MUM-03,2025-08-28 12:00:00,2025-08-29 14:00:00,379,0,WH-MUM-03#ASL-8#SHF-B#BIN-86,BLUEYONDER_WMS,2025-08-28 12:07:00,2026-08-05 02:59:59,BATCH_202508_RAW_GOODS_RECEIPTS
REC-00000228,PO-00000219,SKU-0101,WH-DEL-02,2025-08-29 09:00:00,2025-09-01 12:00:00,379,0,WH-DEL-02#ASL-5#SHF-A#BIN-42,BLUEYONDER_WMS,2025-08-29 09:26:00,2026-08-05 02:59:59,BATCH_202508_RAW_GOODS_RECEIPTS
REC-00000229,PO-00000253,SKU-0148,WH-LKO-01,2025-08-29 12:00:00,2025-08-30 16:00:00,362,5,WH-LKO-01#ASL-1#SHF-A#BIN-55,BLUEYONDER_WMS,2025-08-29 12:36:00,2026-08-05 02:59:59,BATCH_202508_RAW_GOODS_RECEIPTS
REC-00000230,PO-00000215,SKU-0040,WH-MUM-03,2025-08-30 14:00:00,2025-09-02 18:00:00,318,0,WH-MUM-03#ASL-2#SHF-A#BIN-29,BLUEYONDER_WMS,2025-08-30 15:57:00,2026-08-05 02:59:59,BATCH_202508_RAW_GOODS_RECEIPTS
REC-00000231,PO-00000216,SKU-0134,WH-BLR-04,2025-08-30 09:00:00,2025-09-02 12:00:00,486,0,WH-BLR-04#ASL-7#SHF-C#BIN-34,BLUEYONDER_WMS,2025-08-30 10:47:00,2026-08-05 02:59:59,BATCH_202508_RAW_GOODS_RECEIPTS
REC-00000232,PO-00000225,SKU-0010,WH-BLR-04,2025-08-30T14:00:00+05:30,2025-08-31 19:00:00,348,0,WH-BLR-04#ASL-4#SHF-B#BIN-65,BLUEYONDER_WMS,2025-08-30 15:07:00,2026-08-05 02:59:59,BATCH_202508_RAW_GOODS_RECEIPTS
REC-00000233,PO-00000244,SKU-0094,WH-BLR-04,2025-08-30 08:00:00,09-01-2025,477,0,WH-BLR-04#ASL-2#SHF-A#BIN-73,BLUEYONDER_WMS,2025-08-30 09:49:00,2026-08-05 02:59:59,BATCH_202508_RAW_GOODS_RECEIPTS
REC-00000234,PO-00000248,SKU-0029,WH-MUM-03,2025-08-30 09:00:00,2025-09-02 10:00:00,458,0,WH-MUM-03#ASL-5#SHF-C#BIN-80,BLUEYONDER_WMS,2025-08-30 11:32:00,2026-08-05 02:59:59,BATCH_202508_RAW_GOODS_RECEIPTS
REC-00000235,PO-00000235,SKU-0046,WH-MUM-03,2025-09-01 12:00:00,2025-09-02 13:00:00,500,0,WH-MUM-03#ASL-4#SHF-C#BIN-74,BLUEYONDER_WMS,2025-09-01 14:52:00,2026-08-05 02:59:59,BATCH_202509_RAW_GOODS_RECEIPTS
REC-00000236,PO-00000236,SKU-0004,WH-MUM-03,2025-09-01 10:00:00,2025-09-02 13:00:00,458,10,WH-MUM-03#ASL-8#SHF-B#BIN-81,BLUEYONDER_WMS,2025-09-01 10:18:00,2026-08-05 02:59:59,BATCH_202509_RAW_GOODS_RECEIPTS
REC-00000237,PO-00000261,SKU-0066,WH-MUM-03,2025-09-02 11:00:00,2025-09-05 13:00:00,525,5,WH-MUM-03#ASL-4#SHF-B#BIN-27,BLUEYONDER_WMS,2025-09-02 11:17:00,2026-08-05 02:59:59,BATCH_202509_RAW_GOODS_RECEIPTS
REC-00000238,PO-00000237,SKU-0058,WH-MUM-03,45903,2025-09-06 20:00:00,278,0,WH-MUM-03#ASL-4#SHF-B#BIN-64,BLUEYONDER_WMS,2025-09-03 17:09:00,2026-08-05 02:59:59,BATCH_202509_RAW_GOODS_RECEIPTS
REC-00000239,PO-00000241,SKU-0145,WH-BLR-04,2025-09-03 10:00:00,2025-09-06 12:00:00,439,0,WH-BLR-04#ASL-1#SHF-C#BIN-67,BLUEYONDER_WMS,2025-09-03 11:36:00,2026-08-05 02:59:59,BATCH_202509_RAW_GOODS_RECEIPTS
REC-00000240,PO-00000254,SKU-0037,wh-lko-01,2025-09-03 11:00:00,2025-09-05 15:00:00,355,0,WH-LKO-01#ASL-1#SHF-B#BIN-56,BLUEYONDER_WMS,2025-09-04 12:00:00,2026-08-05 02:59:59,BATCH_202509_RAW_GOODS_RECEIPTS
REC-00000241,PO-00000233,SKU-0027,WH-MUM-03,2025-09-05 16:00:00,2025-09-06 21:00:00,529,0,WH-MUM-03#ASL-2#SHF-B#BIN-40,BLUEYONDER_WMS,2025-09-05 18:35:00,2026-08-05 02:59:59,BATCH_202509_RAW_GOODS_RECEIPTS
REC-00000242,PO-00000245,SKU-0037,WH-BLR-04,2025-09-05 12:00:00,2025-09-08 16:00:00,499,17,WH-BLR-04#ASL-1#SHF-C#BIN-61,BLUEYONDER_WMS,2025-09-05 13:31:00,2026-08-05 02:59:59,BATCH_202509_RAW_GOODS_RECEIPTS
REC-00000243,PO-00000249,SKU-0083,WH-LKO-01,2025-09-05 08:00:00,2025-09-06 13:00:00,460,0,WH-LKO-01#ASL-3#SHF-A#BIN-25,BLUEYONDER_WMS,2025-09-05 10:16:00,2026-08-05 02:59:59,BATCH_202509_RAW_GOODS_RECEIPTS
REC-00000244,PO-00000267,SKU-0008,WH-LKO-01,2025-09-05 16:00:00,2025-09-07 20:00:00,440,0,WH-LKO-01#ASL-8#SHF-C#BIN-43,BLUEYONDER_WMS,2025-09-05 18:42:00,2026-08-05 02:59:59,BATCH_202509_RAW_GOODS_RECEIPTS
REC-00000245,PO-00000277,SKU-0032,WH-DEL-02,2025-09-05 09:00:00,2025-09-07 12:00:00,494,0,WH-DEL-02#ASL-8#SHF-B#BIN-15,BLUEYONDER_WMS,2025-09-05 10:07:00,2026-08-05 02:59:59,BATCH_202509_RAW_GOODS_RECEIPTS
REC-00000246,PO-00000278,SKU-0093,WH-BLR-04,1757053800,2025-09-07 14:00:00,419,0,WH-BLR-04#ASL-5#SHF-A#BIN-22,BLUEYONDER_WMS,2025-09-05 13:13:00,2026-08-05 02:59:59,BATCH_202509_RAW_GOODS_RECEIPTS
REC-00000247,PO-00000260,SKU-0035,WH-DEL-02,2025-09-06 14:00:00,2025-09-09 17:00:00,416,0,WH-DEL-02#ASL-4#SHF-A#BIN-55,BLUEYONDER_WMS,2025-09-06 15:09:00,2026-08-05 02:59:59,BATCH_202509_RAW_GOODS_RECEIPTS
REC-00000248,PO-00000265,SKU-0110,WH-BLR-04,2025-09-06 08:00:00,2025-09-07 10:00:00,601,0,WH-BLR-04#ASL-6#SHF-A#BIN-80,BLUEYONDER_WMS,2025-09-06 08:25:00,2026-08-05 02:59:59,BATCH_202509_RAW_GOODS_RECEIPTS
REC-00000249,PO-00000256,SKU-0074,WH-DEL-02,2025-09-07 15:00:00,2025-09-08 20:00:00,574,0,WH-DEL-02#ASL-3#SHF-C#BIN-63,BLUEYONDER_WMS,2025-09-07 15:37:00,2026-08-05 02:59:59,BATCH_202509_RAW_GOODS_RECEIPTS
REC-00000250,PO-00000266,SKU-0136,WH-BLR-04,2025-09-07 11:00:00,2025-09-09 16:00:00,453,0,WH-BLR-04#ASL-8#SHF-A#BIN-65,BLUEYONDER_WMS,2025-09-07 12:09:00,2026-08-05 02:59:59,BATCH_202509_RAW_GOODS_RECEIPTS
REC-00000251,PO-00000279,SKU-0092,WH-DEL-02,2025-09-07 13:00:00,2025-09-09 15:00:00,513,0,WH-DEL-02#ASL-5#SHF-C#BIN-38,BLUEYONDER_WMS,2025-09-07 13:32:00,2026-08-05 02:59:59,BATCH_202509_RAW_GOODS_RECEIPTS
REC-00000252,PO-00000252,SKU-0111,WH-BLR-04,2025-09-08 15:00:00,2025-09-09 20:00:00,420,0,WH-BLR-04#ASL-7#SHF-A#BIN-51,BLUEYONDER_WMS,2025-09-08 17:30:00,2026-08-05 02:59:59,BATCH_202509_RAW_GOODS_RECEIPTS
REC-00000253,PO-00000263,SKU-0066,WH-LKO-01,2025-09-08 11:00:00,2025-09-10 15:00:00,471,0,WH-LKO-01#ASL-2#SHF-B#BIN-38,BLUEYONDER_WMS,2025-09-08 11:46:00,2026-08-05 02:59:59,BATCH_202509_RAW_GOODS_RECEIPTS
REC-00000254,PO-00000274,SKU-0076,WH-MUM-03,2025-09-08 16:00:00,2025-09-09 20:00:00,532,0,WH-MUM-03#ASL-5#SHF-B#BIN-98,BLUEYONDER_WMS,2025-09-08 17:39:00,2026-08-05 02:59:59,BATCH_202509_RAW_GOODS_RECEIPTS
REC-00000255,PO-00000284,SKU-0123,WH-BLR-04,2025-09-08 15:00:00,2025-09-10 17:00:00,397,0,WH-BLR-04#ASL-5#SHF-B#BIN-54,BLUEYONDER_WMS,2025-09-08 17:59:00,2026-08-05 02:59:59,BATCH_202509_RAW_GOODS_RECEIPTS
REC-00000256,PO-00000250,SKU-0057,WH-BLR-04,2025-09-09 16:00:00,2025-09-11 17:00:00,610,0,WH-BLR-04#ASL-2#SHF-A#BIN-56,BLUEYONDER_WMS,2025-09-09 16:18:00,2026-08-05 02:59:59,BATCH_202509_RAW_GOODS_RECEIPTS
REC-00000257,PO-00000259,SKU-0145,WH-LKO-01,2025-09-09 12:00:00,2025-09-12 16:00:00,474,0,WH-LKO-01#ASL-2#SHF-A#BIN-19,BLUEYONDER_WMS,2025-09-09 12:30:00,2026-08-05 02:59:59,BATCH_202509_RAW_GOODS_RECEIPTS
REC-00000258,PO-00000262,SKU-0023,WH-LKO-01,09-09-2025,2025-09-11 11:00:00,592,0,WH-LKO-01#ASL-6#SHF-B#BIN-73,BLUEYONDER_WMS,2025-09-09 10:52:00,2026-08-05 02:59:59,BATCH_202509_RAW_GOODS_RECEIPTS
REC-00000259,PO-00000270,SKU-0092,WH-BLR-04,2025-09-09 08:00:00,2025-09-11 13:00:00,451,0,WH-BLR-04#ASL-2#SHF-A#BIN-64,BLUEYONDER_WMS,2025-09-09 10:54:00,2026-08-05 02:59:59,BATCH_202509_RAW_GOODS_RECEIPTS
REC-00000260,PO-00000268,SKU-0038,WH-MUM-03,2025-09-10T08:00:00Z,2025-09-13 13:00:00,343,0,WH-MUM-03#ASL-2#SHF-C#BIN-16,BLUEYONDER_WMS,2025-09-10 08:26:00,2026-08-05 02:59:59,BATCH_202509_RAW_GOODS_RECEIPTS
REC-00000261,PO-00000269,SKU-0073,WH-MUM-03,2025-09-10 11:00:00,2025-09-11 16:00:00,581,0,WH-MUM-03#ASL-4#SHF-B#BIN-22,BLUEYONDER_WMS,2025-09-10 13:22:00,2026-08-05 02:59:59,BATCH_202509_RAW_GOODS_RECEIPTS
REC-00000262,PO-00000271,SKU-0013,WH-LKO-01,2025-09-10 11:00:00,2025-09-13T12:00:00Z,383,0,WH-LKO-01#ASL-2#SHF-B#BIN-16,BLUEYONDER_WMS,2025-09-10 12:21:00,2026-08-05 02:59:59,BATCH_202509_RAW_GOODS_RECEIPTS
REC-00000263,PO-00000258,SKU-0139,WH-BLR-04,2025-09-11 10:00:00,2025-09-12 12:00:00,558,0,WH-BLR-04#ASL-1#SHF-A#BIN-19,BLUEYONDER_WMS,2025-09-11 10:42:00,2026-08-05 02:59:59,BATCH_202509_RAW_GOODS_RECEIPTS
REC-00000264,PO-00000240,SKU-0121,WH-LKO-01,2025-09-12 09:00:00,2025-09-14 10:00:00,529,4,WH-LKO-01#ASL-3#SHF-A#BIN-29,BLUEYONDER_WMS,2025-09-14 11:05:00,2026-08-05 02:59:59,BATCH_202509_RAW_GOODS_RECEIPTS
REC-00000265,PO-00000247,SKU-0024,wh-lko-01,2025-09-12 14:00:00,2025-09-15 15:00:00,488,0,WH-LKO-01#ASL-7#SHF-A#BIN-46,BLUEYONDER_WMS,2025-09-12 14:57:00,2026-08-05 02:59:59,BATCH_202509_RAW_GOODS_RECEIPTS
REC-00000266,PO-00000272,SKU-0067,WH-LKO-01,2025-09-12 10:00:00,2025-09-13 12:00:00,478,0,WH-LKO-01#ASL-6#SHF-B#BIN-29,BLUEYONDER_WMS,2025-09-12 10:39:00,2026-08-05 02:59:59,BATCH_202509_RAW_GOODS_RECEIPTS
REC-00000267,PO-00000273,SKU-0067,WH-MUM-03,2025-09-12 09:00:00,2025-09-14 13:00:00,325,0,WH-MUM-03#ASL-6#SHF-A#BIN-43,BLUEYONDER_WMS,2025-09-12 11:52:00,2026-08-05 02:59:59,BATCH_202509_RAW_GOODS_RECEIPTS
REC-00000268,PO-00000275,SKU-0103,WH-MUM-03,2025-09-12 16:00:00,2025-09-15 21:00:00,478,0,WH-MUM-03#ASL-4#SHF-C#BIN-69,BLUEYONDER_WMS,2025-09-12 17:48:00,2026-08-05 02:59:59,BATCH_202509_RAW_GOODS_RECEIPTS
REC-00000269,PO-00000293,SKU-0111,WH-LKO-01,2025-09-12 09:00:00,2025-09-15 10:00:00,417,0,WH-LKO-01#ASL-8#SHF-B#BIN-60,BLUEYONDER_WMS,2025-09-12 10:49:00,2026-08-05 02:59:59,BATCH_202509_RAW_GOODS_RECEIPTS
REC-00000270,PO-00000255,SKU-0061,WH-DEL-02,2025-09-13 11:00:00,2025-09-14T14:00:00Z,576,18,WH-DEL-02#ASL-4#SHF-A#BIN-62,BLUEYONDER_WMS,2025-09-13 13:56:00,2026-08-05 02:59:59,BATCH_202509_RAW_GOODS_RECEIPTS
REC-00000271,PO-00000280,SKU-0150,WH-LKO-01,2025-09-13 12:00:00,2025-09-16 15:00:00,535,0,WH-LKO-01#ASL-1#SHF-A#BIN-98,BLUEYONDER_WMS,2025-09-13 13:34:00,2026-08-05 02:59:59,BATCH_202509_RAW_GOODS_RECEIPTS
REC-00000272,PO-00000264,SKU-0067,WH-BLR-04,2025-09-14 15:00:00,2025-09-15 17:00:00,320,0,WH-BLR-04#ASL-5#SHF-B#BIN-17,BLUEYONDER_WMS,2025-09-14 17:21:00,2026-08-05 02:59:59,BATCH_202509_RAW_GOODS_RECEIPTS
REC-00000273,PO-00000257,SKU-0100,WH-MUM-03,2025-09-15 16:00:00,2025-09-16 20:00:00,335,0,WH-MUM-03#ASL-9#SHF-C#BIN-63,BLUEYONDER_WMS,2025-09-15 16:55:00,2026-08-05 02:59:59,BATCH_202509_RAW_GOODS_RECEIPTS
rec-00000274,PO-00000281,SKU-0008,WH-MUM-03,2025-09-15 09:00:00,2025-09-17 11:00:00,418,0,WH-MUM-03#ASL-3#SHF-A#BIN-88,BLUEYONDER_WMS,2025-09-15 10:28:00,2026-08-05 02:59:59,BATCH_202509_RAW_GOODS_RECEIPTS
REC-00000275,PO-ORPHAN-999999,SKU-0013,WH-BLR-04,2025-09-15 14:00:00,2025-09-16 18:00:00,466,0,WH-BLR-04#ASL-2#SHF-C#BIN-22,BLUEYONDER_WMS,2025-09-15 14:46:00,2026-08-05 02:59:59,BATCH_202509_RAW_GOODS_RECEIPTS
REC-00000276,PO-00000286,SKU-0087,WH-LKO-01,45916,2025-09-17 15:00:00,420,0,WH-LKO-01#ASL-6#SHF-A#BIN-56,BLUEYONDER_WMS,2025-09-16 14:48:00,2026-08-05 02:59:59,BATCH_202509_RAW_GOODS_RECEIPTS
REC-00000277,PO-00000297,SKU-0093,WH-BLR-04,2025-09-16 11:00:00,2025-09-17 13:00:00,415,0,WH-BLR-04#ASL-8#SHF-A#BIN-21,BLUEYONDER_WMS,2025-09-16 13:02:00,2026-08-05 02:59:59,BATCH_202509_RAW_GOODS_RECEIPTS
REC-00000278,PO-00000294,SKU-0111,WH-MUM-03,2025-09-17 12:00:00,2025-09-20 17:00:00,338,0,WH-MUM-03#ASL-7#SHF-C#BIN-46,BLUEYONDER_WMS,2025-09-17 13:52:00,2026-08-05 02:59:59,BATCH_202509_RAW_GOODS_RECEIPTS
REC-00000279,PO-00000276,SKU-0019,WH-BLR-04,2025-09-18 15:00:00,2025-09-21 17:00:00,580,0,WH-BLR-04#ASL-5#SHF-A#BIN-75,BLUEYONDER_WMS,2025-09-18 17:33:00,2026-08-05 02:59:59,BATCH_202509_RAW_GOODS_RECEIPTS
REC-00000280,PO-00000289,SKU-0101,WH-DEL-02,2025-09-18 13:00:00,2025-09-19 16:00:00,489,0,WH-DEL-02#ASL-5#SHF-B#BIN-46,BLUEYONDER_WMS,2025-09-18 14:36:00,2026-08-05 02:59:59,BATCH_202509_RAW_GOODS_RECEIPTS
REC-00000281,PO-00000291,SKU-0040,WH-MUM-03,2025-09-18 13:00:00,2025-09-19 16:00:00,307,0,WH-MUM-03#ASL-8#SHF-A#BIN-62,BLUEYONDER_WMS,2025-09-18 14:20:00,2026-08-05 02:59:59,BATCH_202509_RAW_GOODS_RECEIPTS
REC-00000282,PO-00000299,SKU-0092,WH-DEL-02,2025-09-19 13:00:00,2025-09-20 18:00:00,668,0,WH-DEL-02#ASL-5#SHF-A#BIN-64,BLUEYONDER_WMS,2025-09-19 15:32:00,2026-08-05 02:59:59,BATCH_202509_RAW_GOODS_RECEIPTS
REC-00000283,PO-00000288,SKU-0046,WH-DEL-02,2025-09-20 08:00:00,2025-09-22 11:00:00,378,0,WH-DEL-02#ASL-6#SHF-C#BIN-33,BLUEYONDER_WMS,2025-09-20 08:55:00,2026-08-05 02:59:59,BATCH_202509_RAW_GOODS_RECEIPTS
REC-00000284,PO-00000295,SKU-0037,WH-LKO-01,2025-09-20 08:00:00,2025-09-22 10:00:00,334,0,WH-LKO-01#ASL-5#SHF-A#BIN-42,BLUEYONDER_WMS,2025-09-20 09:01:00,2026-08-05 02:59:59,BATCH_202509_RAW_GOODS_RECEIPTS
REC-00000285,PO-00000302,SKU-0123,WH-BLR-04,2025-09-22 11:00:00,2025-09-25 13:00:00,410,2,WH-BLR-04#ASL-2#SHF-A#BIN-92,BLUEYONDER_WMS,2025-09-22 12:48:00,2026-08-05 02:59:59,BATCH_202509_RAW_GOODS_RECEIPTS
REC-00000286,PO-00000300,SKU-0136,WH-BLR-04,2025-09-23 11:00:00,2025-09-24 12:00:00,425,0,WH-BLR-04#ASL-9#SHF-B#BIN-10,BLUEYONDER_WMS,2025-09-23 11:37:00,2026-08-05 02:59:59,BATCH_202509_RAW_GOODS_RECEIPTS
REC-00000287,PO-00000283,SKU-0099,WH-BLR-04,2025-09-24 09:00:00,2025-09-27 10:00:00,352,8,WH-BLR-04#ASL-9#SHF-B#BIN-37,BLUEYONDER_WMS,2025-09-24 10:13:00,2026-08-05 02:59:59,BATCH_202509_RAW_GOODS_RECEIPTS
REC-00000288,PO-00000292,SKU-0094,WH-BLR-04,2025-09-24 11:00:00,2025-09-27 15:00:00,367,0,WH-BLR-04#ASL-1#SHF-C#BIN-51,BLUEYONDER_WMS,2025-09-24 12:07:00,2026-08-05 02:59:59,BATCH_202509_RAW_GOODS_RECEIPTS
N/A,PO-00000290,SKU-0029,WH-MUM-03,2025-09-25 10:00:00,2025-09-26 15:00:00,443,11,WH-MUM-03#ASL-5#SHF-A#BIN-90,BLUEYONDER_WMS,2025-09-25 11:36:00,2026-08-05 02:59:59,BATCH_202509_RAW_GOODS_RECEIPTS
REC-00000290,PO-00000296,SKU-0145,WH-BLR-04,2025-09-25 16:00:00,2025-09-28 21:00:00,620,16,WH-BLR-04#ASL-9#SHF-C#BIN-79,BLUEYONDER_WMS,2025-09-25 18:41:00,2026-08-05 02:59:59,BATCH_202509_RAW_GOODS_RECEIPTS
REC-00000291,PO-00000305,SKU-0004,WH-LKO-01,2025-09-26 15:00:00,2025-09-27 18:00:00,366,0,WH-LKO-01#ASL-2#SHF-B#BIN-63,BLUEYONDER_WMS,2025-09-26 16:52:00,2026-08-05 02:59:59,BATCH_202509_RAW_GOODS_RECEIPTS
REC-00000292,PO-00000309,SKU-0111,WH-LKO-01,2025-09-27 15:00:00,2025-09-30 16:00:00,564,0,WH-LKO-01#ASL-8#SHF-A#BIN-22,BLUEYONDER_WMS,2025-09-27 17:13:00,2026-08-05 02:59:59,BATCH_202509_RAW_GOODS_RECEIPTS
REC-00000293,PO-00000285,SKU-0081,WH-MUM-03,2025-09-28 16:00:00,2025-09-30 21:00:00,487,0,WH-MUM-03#ASL-4#SHF-C#BIN-45,BLUEYONDER_WMS,2025-09-28 18:30:00,2026-08-05 02:59:59,BATCH_202509_RAW_GOODS_RECEIPTS
REC-00000294,PO-00000287,SKU-0060,WH-LKO-01,2025-09-29 15:00:00,2025-09-30 17:00:00,385,0,WH-LKO-01#ASL-7#SHF-C#BIN-65,BLUEYONDER_WMS,2025-09-29 15:30:00,2026-08-05 02:59:59,BATCH_202509_RAW_GOODS_RECEIPTS
REC-00000295,PO-00000311,SKU-0022,WH-LKO-01,2025-09-30 16:00:00,2025-10-02 17:00:00,640,0,WH-LKO-01#ASL-7#SHF-B#BIN-34,BLUEYONDER_WMS,2025-09-30 17:03:00,2026-08-05 02:59:59,BATCH_202509_RAW_GOODS_RECEIPTS
REC-00000296,PO-00000298,SKU-0047,WH-MUM-03,45931,2025-10-04 18:00:00,305,0,WH-MUM-03#ASL-5#SHF-B#BIN-85,BLUEYONDER_WMS,2025-10-01 15:11:00,2026-08-05 02:59:59,BATCH_202510_RAW_GOODS_RECEIPTS
REC-00000297,PO-00000303,SKU-0057,WH-BLR-04,2025-10-01 15:00:00,2025-10-03 17:00:00,559,0,WH-BLR-04#ASL-9#SHF-B#BIN-76,BLUEYONDER_WMS,2025-10-01 16:26:00,2026-08-05 02:59:59,BATCH_202510_RAW_GOODS_RECEIPTS
REC-00000298,PO-00000307,SKU-0024,WH-LKO-01,2025-10-03 12:00:00,2025-10-06 13:00:00,408,0,WH-LKO-01#ASL-7#SHF-C#BIN-74,BLUEYONDER_WMS,2025-10-03 12:51:00,2026-08-05 02:59:59,BATCH_202510_RAW_GOODS_RECEIPTS
REC-00000299,PO-00000314,SKU-0046,WH-DEL-02,2025-10-03 10:00:00,2025-10-05 13:00:00,379,0,WH-DEL-02#ASL-1#SHF-A#BIN-20,BLUEYONDER_WMS,2025-10-03 10:57:00,2026-08-05 02:59:59,BATCH_202510_RAW_GOODS_RECEIPTS
rec-00000300,PO-00000301,SKU-0066,WH-LKO-01,2025-10-04 08:00:00,2025-10-07 09:00:00,401,0,WH-LKO-01#ASL-3#SHF-B#BIN-33,BLUEYONDER_WMS,2025-10-04 09:40:00,2026-08-05 02:59:59,BATCH_202510_RAW_GOODS_RECEIPTS
REC-00000301,PO-00000310,SKU-0150,WH-LKO-01,2025-10-05 14:00:00,2025-10-06 19:00:00,465,0,WH-LKO-01#ASL-9#SHF-A#BIN-11,BLUEYONDER_WMS,2025-10-05 15:40:00,2026-08-05 02:59:59,BATCH_202510_RAW_GOODS_RECEIPTS
REC-00000302,PO-00000312,SKU-0111,WH-MUM-03,2025-10-05 12:00:00,2025-10-08 14:00:00,370,0,WH-MUM-03#ASL-3#SHF-A#BIN-52,BLUEYONDER_WMS,2025-10-05 13:08:00,2026-08-05 02:59:59,BATCH_202510_RAW_GOODS_RECEIPTS
REC-00000303,PO-00000306,SKU-0093,WH-MUM-03,2025-10-06 08:00:00,2025-10-07 12:00:00,449,0,WH-MUM-03#ASL-2#SHF-B#BIN-41,BLUEYONDER_WMS,2025-10-06 10:10:00,2026-08-05 02:59:59,BATCH_202510_RAW_GOODS_RECEIPTS
REC-00000304,PO-00000308,SKU-0067,WH-MUM-03,2025-10-06 15:00:00,2025-10-07 16:00:00,278,0,WH-MUM-03#ASL-4#SHF-A#BIN-34,BLUEYONDER_WMS,2025-10-06 16:20:00,2026-08-05 02:59:59,BATCH_202510_RAW_GOODS_RECEIPTS
REC-00000305,PO-00000304,SKU-0082,WH-DEL-02,2025-10-08 14:00:00,2025-10-09 15:00:00,600,0,WH-DEL-02#ASL-4#SHF-A#BIN-86,BLUEYONDER_WMS,2025-10-08 15:41:00,2026-08-05 02:59:59,BATCH_202510_RAW_GOODS_RECEIPTS
REC-00000306,PO-00000315,SKU-0085,WH-MUM-03,2025-10-08 11:00:00,2025-10-09 12:00:00,428,0,WH-MUM-03#ASL-7#SHF-A#BIN-93,BLUEYONDER_WMS,2025-10-08 12:58:00,2026-08-05 02:59:59,BATCH_202510_RAW_GOODS_RECEIPTS
REC-00000307, PO-00000313 ,SKU-0019,WH-BLR-04,2025-10-12 12:00:00,2025-10-14 14:00:00,456,2,WH-BLR-04#ASL-8#SHF-A#BIN-82,BLUEYONDER_WMS,2025-10-12 14:13:00,2026-08-05 02:59:59,BATCH_202510_RAW_GOODS_RECEIPTS
REC-00000308,PO-00000317,SKU-0128,WH-DEL-02,2025-10-16 08:00:00,2025-10-19 13:00:00,404,0,WH-DEL-02#ASL-6#SHF-C#BIN-22,BLUEYONDER_WMS,2025-10-16 10:28:00,2026-08-05 02:59:59,BATCH_202510_RAW_GOODS_RECEIPTS
REC-00000309,PO-00000316,SKU-0139,WH-MUM-03,2025-10-17 13:00:00,2025-10-20 16:00:00,491,0,WH-MUM-03#ASL-3#SHF-C#BIN-33,BLUEYONDER_WMS,2025-10-17 14:08:00,2026-08-05 02:59:59,BATCH_202510_RAW_GOODS_RECEIPTS
REC-00000310,PO-00000318,SKU-0051,WH-DEL-02,2025-10-18 14:00:00,2025-10-20 17:00:00,324,4,WH-DEL-02#ASL-8#SHF-B#BIN-32,BLUEYONDER_WMS,2025-10-18 14:21:00,2026-08-05 02:59:59,BATCH_202510_RAW_GOODS_RECEIPTS
REC-00000311,PO-00000319,SKU-0123,WH-DEL-02,2025-10-20 12:00:00,2025-10-23 13:00:00,436,0,WH-DEL-02#ASL-1#SHF-C#BIN-67,BLUEYONDER_WMS,2025-10-20 12:34:00,2026-08-05 02:59:59,BATCH_202510_RAW_GOODS_RECEIPTS
REC-00000312,PO-00000323,SKU-0106,WH-DEL-02,2025-10-22 15:00:00,2025-10-25 18:00:00,517,0,WH-DEL-02#ASL-1#SHF-A#BIN-66,BLUEYONDER_WMS,2025-10-22 15:28:00,2026-08-05 02:59:59,BATCH_202510_RAW_GOODS_RECEIPTS
REC-00000313,PO-00000322,SKU-0066,WH-LKO-01,2025-10-23 08:00:00,2025-10-26 10:00:00,501,16,WH-LKO-01#ASL-8#SHF-C#BIN-97,BLUEYONDER_WMS,2025-10-23 09:10:00,2026-08-05 02:59:59,BATCH_202510_RAW_GOODS_RECEIPTS
REC-00000314,PO-00000325,SKU-0117,WH-LKO-01,2025-10-23 14:00:00,2025-10-24 19:00:00,352,2,WH-LKO-01#ASL-2#SHF-C#BIN-76,BLUEYONDER_WMS,2025-10-23 15:32:00,2026-08-05 02:59:59,BATCH_202510_RAW_GOODS_RECEIPTS
REC-00000315,PO-00000324,SKU-0112,WH-DEL-02,2025-10-24 14:00:00,2025-10-26 15:00:00,456,0,WH-DEL-02#ASL-1#SHF-A#BIN-10,BLUEYONDER_WMS,2025-10-24 14:26:00,2026-08-05 02:59:59,BATCH_202510_RAW_GOODS_RECEIPTS
REC-00000316,PO-00000326,SKU-0111,WH-DEL-02,2025-10-25 11:00:00,2025-10-26 12:00:00,280,0,WH-DEL-02#ASL-6#SHF-C#BIN-99,BLUEYONDER_WMS,2025-10-25 12:31:00,2026-08-05 02:59:59,BATCH_202510_RAW_GOODS_RECEIPTS
REC-00000317,PO-00000321,SKU-0138,WH-MUM-03,2025-10-30 13:00:00,2025-11-01 16:00:00,481,0,WH-MUM-03#ASL-8#SHF-C#BIN-71,BLUEYONDER_WMS,2025-10-30 14:47:00,2026-08-05 02:59:59,BATCH_202510_RAW_GOODS_RECEIPTS
REC-00000318,PO-00000327,SKU-0069,WH-LKO-01,2025-10-30 11:00:00,2025-10-31 14:00:00,434,0,WH-LKO-01#ASL-8#SHF-A#BIN-17,BLUEYONDER_WMS,2025-10-30 12:29:00,2026-08-05 02:59:59,BATCH_202510_RAW_GOODS_RECEIPTS
REC-00000319,PO-00000320,SKU-0022,wh-lko-01,2025-11-02 11:00:00,2025-11-04 13:00:00,613,0,WH-LKO-01#ASL-6#SHF-B#BIN-62,BLUEYONDER_WMS,2025-11-02 12:14:00,2026-08-05 02:59:59,BATCH_202511_RAW_GOODS_RECEIPTS
REC-00000320,PO-00000331,SKU-0104,WH-BLR-04,2025-11-02 15:00:00,2025-11-03 18:00:00,438,0,WH-BLR-04#ASL-1#SHF-A#BIN-93,BLUEYONDER_WMS,2025-11-02 15:18:00,2026-08-05 02:59:59,BATCH_202511_RAW_GOODS_RECEIPTS
REC-00000321,PO-00000330,SKU-0139,WH-MUM-03,2025-11-04 14:00:00,2025-11-05 18:00:00,458,3,WH-MUM-03#ASL-8#SHF-B#BIN-85,BLUEYONDER_WMS,2025-12-04 14:45:00,2026-08-05 02:59:59,BATCH_202511_RAW_GOODS_RECEIPTS
REC-00000322,PO-00000335,SKU-0120,WH-DEL-02,2025-11-08 13:00:00,11/11/2025,435,0,WH-DEL-02#ASL-4#SHF-A#BIN-55,BLUEYONDER_WMS,2025-11-08 15:28:00,2026-08-05 02:59:59,BATCH_202511_RAW_GOODS_RECEIPTS
REC-00000323,PO-00000337,SKU-0072,WH-DEL-02,2025-11-09 15:00:00,2025-11-12 19:00:00,394,0,WH-DEL-02#ASL-3#SHF-C#BIN-75,BLUEYONDER_WMS,2025-11-09 17:35:00,2026-08-05 02:59:59,BATCH_202511_RAW_GOODS_RECEIPTS
REC-00000324,PO-00000328,SKU-0007,WH-DEL-02,2025-10-13 08:00:00,2025-11-13 12:00:00,384,0,WH-DEL-02#ASL-8#SHF-B#BIN-27,BLUEYONDER_WMS,2025-10-13 08:36:00,2026-08-05 02:59:59,BATCH_202510_RAW_GOODS_RECEIPTS
REC-00000325,PO-00000329,SKU-0128,WH-DEL-02,2025-11-11 13:00:00,2025-11-12 18:00:00,366,0,WH-DEL-02#ASL-4#SHF-C#BIN-53,BLUEYONDER_WMS,2025-11-11 13:43:00,2026-08-05 02:59:59,BATCH_202511_RAW_GOODS_RECEIPTS
REC-00000326,PO-00000332,SKU-0123,WH-DEL-02,2025-11-11 14:00:00,2025-11-14 19:00:00,373,0,WH-DEL-02#ASL-6#SHF-B#BIN-74,BLUEYONDER_WMS,2025-11-11 15:09:00,2026-08-05 02:59:59,BATCH_202511_RAW_GOODS_RECEIPTS
REC-00000327,PO-00000333,SKU-0106,WH-DEL-02,1762857000,2025-11-14 19:00:00,535,0,WH-DEL-02#ASL-8#SHF-B#BIN-57,BLUEYONDER_WMS,2025-11-11 18:39:00,2026-08-05 02:59:59,BATCH_202511_RAW_GOODS_RECEIPTS
REC-00000328,PO-00000334,SKU-0112,WH-DEL-02,2025-11-11 11:00:00,2025-11-14 14:00:00,506,0,WH-DEL-02#ASL-2#SHF-C#BIN-39,BLUEYONDER_WMS,2025-11-11 12:21:00,2026-08-05 02:59:59,BATCH_202511_RAW_GOODS_RECEIPTS
REC-00000329,PO-00000339,SKU-0097,WH-DEL-02,2025-11-11 11:00:00,2025-11-13T16:00:00Z,372,0,WH-DEL-02#ASL-7#SHF-C#BIN-48,BLUEYONDER_WMS,2025-11-13 11:19:00,2026-08-05 02:59:59,BATCH_202511_RAW_GOODS_RECEIPTS
REC-00000330,PO-00000344,SKU-0021,WH-BLR-04,2025-11-15 14:00:00,11-16-2025,420,0,WH-BLR-04#ASL-8#SHF-A#BIN-70,BLUEYONDER_WMS,2025-11-15 14:59:00,2026-08-05 02:59:59,BATCH_202511_RAW_GOODS_RECEIPTS
REC-00000331,PO-00000340,SKU-0055,WH-DEL-02,2025-11-18 14:00:00,2025-11-20 18:00:00,495,0,WH-DEL-02#ASL-4#SHF-C#BIN-23,BLUEYONDER_WMS,2025-11-18 15:17:00,2026-08-05 02:59:59,BATCH_202511_RAW_GOODS_RECEIPTS
REC-00000332,PO-00000336,SKU-0070,WH-LKO-01,2025-11-20 16:00:00,2025-11-22 18:00:00,551,0,WH-LKO-01#ASL-4#SHF-A#BIN-66,BLUEYONDER_WMS,2025-11-20 18:04:00,2026-08-05 02:59:59,BATCH_202511_RAW_GOODS_RECEIPTS
REC-00000333,PO-00000341,SKU-0105,WH-DEL-02,2025-11-22 09:00:00,2025-11-23 10:00:00,406,0,WH-DEL-02#ASL-4#SHF-A#BIN-67,BLUEYONDER_WMS,2025-11-22 09:50:00,2026-08-05 02:59:59,BATCH_202511_RAW_GOODS_RECEIPTS
REC-00000334,PO-00000349,SKU-0072,WH-DEL-02,2025-11-22 10:00:00,2025-11-25 11:00:00,390,0,WH-DEL-02#ASL-5#SHF-A#BIN-59,BLUEYONDER_WMS,2025-11-22 11:48:00,2026-08-05 02:59:59,BATCH_202511_RAW_GOODS_RECEIPTS
REC-00000335,PO-00000347,SKU-0048,WH-BLR-04,2025-11-25 13:00:00,2025-11-27 14:00:00,483,0,WH-BLR-04#ASL-5#SHF-B#BIN-66,BLUEYONDER_WMS,2025-11-25 13:01:00,2026-08-05 02:59:59,BATCH_202511_RAW_GOODS_RECEIPTS
REC-00000336,PO-00000351,SKU-0097,WH-DEL-02,2025-11-25 16:00:00,2025-11-27 18:00:00,418,0,WH-DEL-02#ASL-2#SHF-A#BIN-37,BLUEYONDER_WMS,2025-11-25 18:58:00,2026-08-05 02:59:59,BATCH_202511_RAW_GOODS_RECEIPTS
REC-00000337,PO-00000342,SKU-0038,WH-LKO-01,2025-11-26 16:00:00,2025-11-28 17:00:00,575,0,WH-LKO-01#ASL-9#SHF-A#BIN-37,BLUEYONDER_WMS,2025-11-26 18:59:00,2026-08-05 02:59:59,BATCH_202511_RAW_GOODS_RECEIPTS
REC-00000338,PO-00000338,SKU-0096,WH-LKO-01,2025-11-27 09:00:00,2025-11-28T13:00:00+05:30,557,0,WH-LKO-01#ASL-7#SHF-C#BIN-86,BLUEYONDER_WMS,2025-11-27 11:25:00,2026-08-05 02:59:59,BATCH_202511_RAW_GOODS_RECEIPTS
REC-00000339,PO-00000343,SKU-0138,WH-MUM-03,2025-11-27 11:00:00,2025-11-29 13:00:00,459,0,WH-MUM-03#ASL-9#SHF-B#BIN-50,BLUEYONDER_WMS,2025-11-27 12:03:00,2026-08-05 02:59:59,BATCH_202511_RAW_GOODS_RECEIPTS
REC-00000340,PO-00000348,SKU-0120,WH-DEL-02,2025-11-27 09:00:00,2025-11-29 13:00:00,453,0,WH-DEL-02#ASL-6#SHF-A#BIN-65,BLUEYONDER_WMS,2025-11-27 11:40:00,2026-08-05 02:59:59,BATCH_202511_RAW_GOODS_RECEIPTS
REC-00000341,PO-00000352,SKU-0002,WH-BLR-04,2025-11-27 11:00:00,2025-11-28 13:00:00,405,0,WH-BLR-04#ASL-3#SHF-A#BIN-88,BLUEYONDER_WMS,2025-11-27 12:59:00,2026-08-05 02:59:59,BATCH_202511_RAW_GOODS_RECEIPTS
REC-00000342,PO-00000345,SKU-0003,WH-MUM-03,2025-11-28 08:00:00,2025-12-01 13:00:00,340,0,WH-MUM-03#ASL-5#SHF-C#BIN-55,BLUEYONDER_WMS,2025-11-28 08:52:00,2026-08-05 02:59:59,BATCH_202511_RAW_GOODS_RECEIPTS
REC-00000343,PO-00000346,SKU-0084,WH-MUM-03,2025-12-07 16:00:00,2025-12-09 21:00:00,351,8,WH-MUM-03#ASL-3#SHF-A#BIN-93,BLUEYONDER_WMS,2025-12-12 18:48:00,2026-08-05 02:59:59,BATCH_202512_RAW_GOODS_RECEIPTS
REC-00000344,PO-00000354,SKU-0087,WH-BLR-04,2025-12-07 15:00:00,2025-12-10T16:00:00+05:30,306,0,WH-BLR-04#ASL-2#SHF-A#BIN-39,BLUEYONDER_WMS,2025-12-07 17:07:00,2026-08-05 02:59:59,BATCH_202512_RAW_GOODS_RECEIPTS
REC-00000345,PO-00000350,SKU-0007,WH-DEL-02,2025-12-10 11:00:00,2025-12-11 12:00:00,327,0,WH-DEL-02#ASL-9#SHF-C#BIN-38,BLUEYONDER_WMS,2025-12-10 13:24:00,2026-08-05 02:59:59,BATCH_202512_RAW_GOODS_RECEIPTS
REC-00000346,PO-00000355,SKU-0070,WH-LKO-01,2025-12-10 15:00:00,2025-12-13 18:00:00,398,15,WH-LKO-01#ASL-4#SHF-C#BIN-36,BLUEYONDER_WMS,2025-12-10 16:51:00,2026-08-05 02:59:59,BATCH_202512_RAW_GOODS_RECEIPTS
REC-00000347,PO-00000357,SKU-0038,WH-LKO-01,1765621800,2025-12-14 21:00:00,575,0,WH-LKO-01#ASL-1#SHF-A#BIN-15,BLUEYONDER_WMS,2025-12-13 17:52:00,2026-08-05 02:59:59,BATCH_202512_RAW_GOODS_RECEIPTS
REC-00000348,PO-ORPHAN-999999,SKU-0048,WH-BLR-04,2025-12-18 14:00:00,2025-12-20 18:00:00,443,0,WH-BLR-04#ASL-7#SHF-B#BIN-23,BLUEYONDER_WMS,2025-12-18 15:04:00,2026-08-05 02:59:59,BATCH_202512_RAW_GOODS_RECEIPTS
REC-00000349,PO-00000361,SKU-0132,WH-LKO-01,2025-12-19 11:00:00,2025-12-22 16:00:00,573,0,WH-LKO-01#ASL-8#SHF-A#BIN-59,BLUEYONDER_WMS,2025-12-19 12:48:00,2026-08-05 02:59:59,BATCH_202512_RAW_GOODS_RECEIPTS
REC-00000350,PO-00000363,SKU-0122,WH-LKO-01,2025-12-22 16:00:00,2025-12-25 21:00:00,400,0,WH-LKO-01#ASL-7#SHF-A#BIN-65,BLUEYONDER_WMS,2025-12-22 16:49:00,2026-08-05 02:59:59,BATCH_202512_RAW_GOODS_RECEIPTS
REC-00000351,PO-00000359,SKU-0046,WH-LKO-01,2025-12-24 08:00:00,2025-12-25 10:00:00,393,0,WH-LKO-01#ASL-7#SHF-A#BIN-87,BLUEYONDER_WMS,2025-12-24 10:49:00,2026-08-05 02:59:59,BATCH_202512_RAW_GOODS_RECEIPTS
REC-00000352,PO-00000360,SKU-0003,WH-MUM-03,2025-12-24T13:00:00+05:30,2025-12-26 15:00:00,284,0,WH-MUM-03#ASL-2#SHF-A#BIN-89,BLUEYONDER_WMS,2025-12-27 14:55:00,2026-08-05 02:59:59,BATCH_202512_RAW_GOODS_RECEIPTS
REC-00000353,PO-00000362,SKU-0057,WH-MUM-03,2025-12-24 12:00:00,2025-12-26 16:00:00,372,0,WH-MUM-03#ASL-7#SHF-A#BIN-55,BLUEYONDER_WMS,2025-12-24 13:20:00,2026-08-05 02:59:59,BATCH_202512_RAW_GOODS_RECEIPTS
REC-00000354,PO-00000365, SKU-0087 ,WH-BLR-04,2025-12-26 09:00:00,2025-12-28 10:00:00,306,0,WH-BLR-04#ASL-5#SHF-A#BIN-48,BLUEYONDER_WMS,2025-12-26 11:53:00,2026-08-05 02:59:59,BATCH_202512_RAW_GOODS_RECEIPTS
REC-00000355,PO-00000364,SKU-0068,WH-BLR-04,2025-12-27 08:00:00,2025-12-30 10:00:00,369,0,WH-BLR-04#ASL-4#SHF-C#BIN-23,BLUEYONDER_WMS,2025-12-27 09:25:00,2026-08-05 02:59:59,BATCH_202512_RAW_GOODS_RECEIPTS
REC-00000356,PO-ORPHAN-999999,SKU-0034,WH-BLR-04,2025-12-28 12:00:00,2025-12-30 14:00:00,476,0,WH-BLR-04#ASL-1#SHF-B#BIN-72,BLUEYONDER_WMS,2025-12-28 14:57:00,2026-08-05 02:59:59,BATCH_202512_RAW_GOODS_RECEIPTS
REC-00000357,PO-00000353,SKU-0099,WH-DEL-02,2025-12-29 12:00:00,2025-12-30 17:00:00,597,16,WH-DEL-02#ASL-6#SHF-B#BIN-76,BLUEYONDER_WMS,2025-12-29 12:32:00,2026-08-05 02:59:59,BATCH_202512_RAW_GOODS_RECEIPTS
REC-00000358,PO-00000367,SKU-0047,WH-LKO-01,2025-12-29 14:00:00,2025-12-31 18:00:00,334,0,WH-LKO-01#ASL-7#SHF-A#BIN-20,BLUEYONDER_WMS,2025-12-29 15:39:00,2026-08-05 02:59:59,BATCH_202512_RAW_GOODS_RECEIPTS
REC-00000359,PO-00000366,SKU-0010,WH-LKO-01,2026-01-03 08:00:00,2026-01-05 09:00:00,335,0,WH-LKO-01#ASL-5#SHF-C#BIN-64,BLUEYONDER_WMS,2026-01-03 08:48:00,2026-08-05 02:59:59,BATCH_202601_RAW_GOODS_RECEIPTS
REC-00000360,PO-00000374,SKU-0028,WH-DEL-02,2026-01-09 11:00:00,2026-01-12 15:00:00,407,0,WH-DEL-02#ASL-3#SHF-A#BIN-38,BLUEYONDER_WMS,2026-01-09 11:48:00,2026-08-05 02:59:59,BATCH_202601_RAW_GOODS_RECEIPTS
REC-00000361,PO-00000372,SKU-0057,WH-MUM-03,2026-01-11 16:00:00,2026-01-12 20:00:00,432,0,WH-MUM-03#ASL-1#SHF-A#BIN-74,BLUEYONDER_WMS,2026-01-11 18:00:00,2026-08-05 02:59:59,BATCH_202601_RAW_GOODS_RECEIPTS
REC-00000362,PO-00000368,SKU-0035,WH-LKO-01,2026-01-13 12:00:00,2026-01-16 15:00:00,298,0,WH-LKO-01#ASL-2#SHF-C#BIN-17,BLUEYONDER_WMS,2026-01-13 14:45:00,2026-08-05 02:59:59,BATCH_202601_RAW_GOODS_RECEIPTS
REC-00000363,PO-00000371,SKU-0003,WH-DEL-02,2026-01-16 12:00:00,2026-01-17 13:00:00,284,0,WH-DEL-02#ASL-2#SHF-C#BIN-48,BLUEYONDER_WMS,2026-01-16 14:40:00,2026-08-05 02:59:59,BATCH_202601_RAW_GOODS_RECEIPTS
REC-00000364,PO-00000375,SKU-0068,WH-BLR-04,2026-01-16 16:00:00,2026-01-18 19:00:00,415,0,WH-BLR-04#ASL-5#SHF-B#BIN-96,BLUEYONDER_WMS,2026-01-16 18:25:00,2026-08-05 02:59:59,BATCH_202601_RAW_GOODS_RECEIPTS
REC-00000365,PO-00000369,SKU-0132,WH-LKO-01,2026-01-18 16:00:00,2026-01-19 21:00:00,613,0,WH-LKO-01#ASL-6#SHF-A#BIN-21,BLUEYONDER_WMS,2026-01-21 16:00:00,2026-08-05 02:59:59,BATCH_202601_RAW_GOODS_RECEIPTS
REC-00000366,PO-00000373,SKU-0019,WH-LKO-01,2026-01-19 11:00:00,2026-01-22 13:00:00,384,7,WH-LKO-01#ASL-9#SHF-C#BIN-95,BLUEYONDER_WMS,2026-01-19 13:23:00,2026-08-05 02:59:59,BATCH_202601_RAW_GOODS_RECEIPTS
REC-00000367,PO-00000376,SKU-0034,WH-BLR-04,2026-01-21 14:00:00,2026-01-23 15:00:00,548,0,WH-BLR-04#ASL-9#SHF-A#BIN-55,BLUEYONDER_WMS,2026-01-25 14:59:00,2026-08-05 02:59:59,BATCH_202601_RAW_GOODS_RECEIPTS
REC-00000368,PO-00000380,SKU-0028,WH-DEL-02,2026-01-23 10:00:00,2026-01-24 13:00:00,291,0,WH-DEL-02#ASL-8#SHF-C#BIN-92,BLUEYONDER_WMS,2026-01-23 12:00:00,2026-08-05 02:59:59,BATCH_202601_RAW_GOODS_RECEIPTS
REC-00000369,PO-00000370,SKU-0122,WH-LKO-01,2026-01-24 13:00:00,2026-01-25 15:00:00,413,0,WH-LKO-01#ASL-4#SHF-B#BIN-16,BLUEYONDER_WMS,2026-01-26 15:35:00,2026-08-05 02:59:59,BATCH_202601_RAW_GOODS_RECEIPTS
REC-00000370,PO-00000384,SKU-0060,WH-DEL-02,2026-01-28 16:00:00,2026-01-29 17:00:00,529,0,WH-DEL-02#ASL-5#SHF-C#BIN-90,BLUEYONDER_WMS,2026-01-28 18:41:00,2026-08-05 02:59:59,BATCH_202601_RAW_GOODS_RECEIPTS
REC-00000371,PO-00000378,SKU-0010,WH-LKO-01,2026-01-29 15:00:00,2026-02-01 19:00:00,277,0,WH-LKO-01#ASL-6#SHF-C#BIN-54,BLUEYONDER_WMS,2026-01-29 16:47:00,2026-08-05 02:59:59,BATCH_202601_RAW_GOODS_RECEIPTS
REC-00000372,PO-00000379,SKU-0033,WH-MUM-03,2026-01-31 14:00:00,2026-02-01 19:00:00,557,7,WH-MUM-03#ASL-9#SHF-B#BIN-86,BLUEYONDER_WMS,2026-01-31 15:40:00,2026-08-05 02:59:59,BATCH_202601_RAW_GOODS_RECEIPTS
REC-00000373, PO-00000382 ,SKU-0035,WH-LKO-01,2026-02-01 15:00:00,2026-02-03 16:00:00,370,0,WH-LKO-01#ASL-8#SHF-A#BIN-24,BLUEYONDER_WMS,2026-02-01 17:28:00,2026-08-05 02:59:59,BATCH_202602_RAW_GOODS_RECEIPTS
REC-00000374,PO-00000385,SKU-0099,WH-MUM-03,2026-02-05 10:00:00,2026-02-08 11:00:00,365,0,WH-MUM-03#ASL-4#SHF-A#BIN-58,BLUEYONDER_WMS,2026-02-05 11:32:00,2026-08-05 02:59:59,BATCH_202602_RAW_GOODS_RECEIPTS
REC-00000375,PO-00000381,SKU-0109,N/A,2026-02-06 15:00:00,2026-02-08 19:00:00,508,0,WH-LKO-01#ASL-4#SHF-B#BIN-97,BLUEYONDER_WMS,2026-02-06 16:37:00,2026-08-05 02:59:59,BATCH_202602_RAW_GOODS_RECEIPTS
REC-00000376,PO-00000383,SKU-0012,WH-BLR-04,2026-02-06T10:00:00+05:30,2026-02-09 13:00:00,468,0,WH-BLR-04#ASL-4#SHF-B#BIN-20,BLUEYONDER_WMS,2026-02-06 11:50:00,2026-08-05 02:59:59,BATCH_202602_RAW_GOODS_RECEIPTS
REC-00000377,PO-00000386,SKU-0082,WH-MUM-03,2026-02-08 14:00:00,2026-02-11 17:00:00,449,0,WH-MUM-03#ASL-5#SHF-B#BIN-90,BLUEYONDER_WMS,2026-02-08 16:19:00,2026-08-05 02:59:59,BATCH_202602_RAW_GOODS_RECEIPTS
REC-00000378,PO-00000389,SKU-0028,WH-LKO-01,2026-02-08 10:00:00,2026-02-11 15:00:00,502,0,WH-LKO-01#ASL-6#SHF-B#BIN-30,BLUEYONDER_WMS,2026-02-08 12:34:00,2026-08-05 02:59:59,BATCH_202602_RAW_GOODS_RECEIPTS
REC-00000379,PO-00000387,SKU-0031,WH-DEL-02,2026-02-11 08:00:00,2026-02-13 10:00:00,431,0,WH-DEL-02#ASL-4#SHF-B#BIN-85,BLUEYONDER_WMS,2026-02-11 10:38:00,2026-08-05 02:59:59,BATCH_202602_RAW_GOODS_RECEIPTS
REC-00000380,PO-00000388,SKU-0132,WH-MUM-03,2026-02-15 14:00:00,2026-02-18 18:00:00,381,0,WH-MUM-03#ASL-9#SHF-A#BIN-42,BLUEYONDER_WMS,2026-02-15 16:27:00,2026-08-05 02:59:59,BATCH_202602_RAW_GOODS_RECEIPTS
REC-00000381,PO-00000390,SKU-0093,WH-MUM-03,2026-02-15 08:00:00,2026-02-16 13:00:00,422,0,WH-MUM-03#ASL-3#SHF-B#BIN-17,BLUEYONDER_WMS,2026-02-15 10:08:00,2026-08-05 02:59:59,BATCH_202602_RAW_GOODS_RECEIPTS
REC-00000382,PO-00000401,SKU-0136,WH-LKO-01,2026-02-23 08:00:00,2026-02-24 09:00:00,425,0,WH-LKO-01#ASL-9#SHF-A#BIN-27,BLUEYONDER_WMS,2026-02-23 09:11:00,2026-08-05 02:59:59,BATCH_202602_RAW_GOODS_RECEIPTS
REC-00000383,PO-00000393,SKU-0099,WH-MUM-03,2026-02-24 12:00:00,2026-02-25 17:00:00,444,0,WH-MUM-03#ASL-9#SHF-A#BIN-73,BLUEYONDER_WMS,2026-02-24 14:18:00,2026-08-05 02:59:59,BATCH_202602_RAW_GOODS_RECEIPTS
REC-00000384,PO-00000398,SKU-0090,WH-LKO-01,2026-02-24 13:00:00,2026-02-25 16:00:00,333,0,WH-LKO-01#ASL-1#SHF-A#BIN-52,BLUEYONDER_WMS,2026-02-24 14:21:00,2026-08-05 02:59:59,BATCH_202602_RAW_GOODS_RECEIPTS
REC-00000385,PO-00000394,SKU-0012,WH-BLR-04,2026-02-25 10:00:00,2026-02-28 12:00:00,359,10,WH-BLR-04#ASL-5#SHF-B#BIN-26,BLUEYONDER_WMS,2026-02-25 12:24:00,2026-08-05 02:59:59,BATCH_202602_RAW_GOODS_RECEIPTS
REC-00000386,PO-00000400,SKU-0031,WH-DEL-02,2026-02-26 12:00:00,2026-02-28 13:00:00,515,0,WH-DEL-02#ASL-2#SHF-C#BIN-96,BLUEYONDER_WMS,2026-02-26 14:37:00,2026-08-05 02:59:59,BATCH_202602_RAW_GOODS_RECEIPTS
REC-00000387,PO-00000404,SKU-0039,WH-MUM-03,2026-02-28 14:00:00,2026-03-03 19:00:00,384,0,WH-MUM-03#ASL-2#SHF-B#BIN-80,BLUEYONDER_WMS,2026-02-28 16:49:00,2026-08-05 02:59:59,BATCH_202602_RAW_GOODS_RECEIPTS
REC-00000388,PO-00000397,SKU-0082,WH-MUM-03,2026-03-01 09:00:00,2026-03-03 14:00:00,460,0,WH-MUM-03#ASL-7#SHF-B#BIN-66,BLUEYONDER_WMS,2026-03-01 09:14:00,2026-08-05 02:59:59,BATCH_202603_RAW_GOODS_RECEIPTS
REC-00000389,PO-00000399,SKU-0030,WH-LKO-01,2026-03-01 16:00:00,2026-03-03 17:00:00,455,0,WH-LKO-01#ASL-4#SHF-A#BIN-42,BLUEYONDER_WMS,2026-03-01 17:50:00,2026-08-05 02:59:59,BATCH_202603_RAW_GOODS_RECEIPTS
REC-00000390,PO-ORPHAN-999999,SKU-0109,WH-LKO-01,2026-03-02 10:00:00,2026-03-04 14:00:00,492,0,WH-LKO-01#ASL-5#SHF-A#BIN-10,BLUEYONDER_WMS,2026-03-02 12:57:00,2026-08-05 02:59:59,BATCH_202603_RAW_GOODS_RECEIPTS
REC-00000391,PO-00000402,SKU-0032,WH-BLR-04,2026-03-03 08:00:00,2026-03-06 09:00:00,499,0,WH-BLR-04#ASL-1#SHF-A#BIN-46,BLUEYONDER_WMS,2026-03-03 09:31:00,2026-08-05 02:59:59,BATCH_202603_RAW_GOODS_RECEIPTS
REC-00000392,PO-00000396,SKU-0133,WH-DEL-02,2026-03-05 16:00:00,2026-03-07 21:00:00,497,16,WH-DEL-02#ASL-2#SHF-B#BIN-27,BLUEYONDER_WMS,2026-03-07 17:28:00,2026-08-05 02:59:59,BATCH_202603_RAW_GOODS_RECEIPTS
REC-00000393,PO-00000405,SKU-0016,WH-MUM-03,2026-03-06 16:00:00,2026-03-09 19:00:00,391,0,WH-MUM-03#ASL-8#SHF-A#BIN-70,BLUEYONDER_WMS,2026-03-06 18:49:00,2026-08-05 02:59:59,BATCH_202603_RAW_GOODS_RECEIPTS
REC-00000394,PO-00000403,SKU-0065,WH-LKO-01,2026-03-08 09:00:00,2026-03-09T14:00:00Z,487,0,WH-LKO-01#ASL-5#SHF-C#BIN-19,BLUEYONDER_WMS,2026-03-08 11:06:00,2026-08-05 02:59:59,BATCH_202603_RAW_GOODS_RECEIPTS
REC-00000395,PO-00000406,SKU-0026,WH-MUM-03,2026-03-09 14:00:00,2026-03-12 15:00:00,375,0,WH-MUM-03#ASL-3#SHF-B#BIN-61,BLUEYONDER_WMS,2026-03-09 15:12:00,2026-08-05 02:59:59,BATCH_202603_RAW_GOODS_RECEIPTS
rec-00000396,PO-00000410,SKU-0007,WH-BLR-04,2026-03-09 09:00:00,2026-03-11 14:00:00,332,0,WH-BLR-04#ASL-6#SHF-A#BIN-83,BLUEYONDER_WMS,2026-03-09 10:57:00,2026-08-05 02:59:59,BATCH_202603_RAW_GOODS_RECEIPTS
REC-00000397,PO-00000411,SKU-0020,WH-LKO-01,2026-03-10 08:00:00,2026-03-12 09:00:00,432,0,WH-LKO-01#ASL-6#SHF-B#BIN-79,BLUEYONDER_WMS,2026-03-10 08:39:00,2026-08-05 02:59:59,BATCH_202603_RAW_GOODS_RECEIPTS
REC-00000398,PO-00000413,SKU-0039,WH-MUM-03,2026-03-15 14:00:00,2026-03-17 17:00:00,339,0,WH-MUM-03#ASL-9#SHF-B#BIN-12,BLUEYONDER_WMS,2026-03-15 14:55:00,2026-08-05 02:59:59,BATCH_202603_RAW_GOODS_RECEIPTS
REC-00000399,PO-00000412,SKU-0117,WH-BLR-04,2026-03-16 16:00:00,2026-03-17 18:00:00,420,0,WH-BLR-04#ASL-1#SHF-B#BIN-54,BLUEYONDER_WMS,2026-03-16 18:33:00,2026-08-05 02:59:59,BATCH_202603_RAW_GOODS_RECEIPTS
REC-00000400,PO-00000408,SKU-0047,WH-DEL-02,2026-03-19 15:00:00,2026-03-22 18:00:00,363,0,WH-DEL-02#ASL-8#SHF-A#BIN-34,BLUEYONDER_WMS,2026-03-19 17:14:00,2026-08-05 02:59:59,BATCH_202603_RAW_GOODS_RECEIPTS
REC-00000401,PO-00000415,SKU-0032,WH-BLR-04,2026-03-22 10:00:00,2026-03-23 11:00:00,450,0,WH-BLR-04#ASL-3#SHF-A#BIN-34,BLUEYONDER_WMS,2026-03-22 10:04:00,2026-08-05 02:59:59,BATCH_202603_RAW_GOODS_RECEIPTS
REC-00000402,PO-00000416,SKU-0131,WH-BLR-04,2026-03-22 15:00:00,2026-03-23 19:00:00,356,0,WH-BLR-04#ASL-6#SHF-B#BIN-47,BLUEYONDER_WMS,2026-03-22 16:02:00,2026-08-05 02:59:59,BATCH_202603_RAW_GOODS_RECEIPTS
REC-00000403,PO-00000422,SKU-0020,WH-LKO-01,2026-03-24 09:00:00,2026-03-26 13:00:00,518,0,WH-LKO-01#ASL-8#SHF-B#BIN-16,BLUEYONDER_WMS,2026-03-24 09:00:00,2026-08-05 02:59:59,BATCH_202603_RAW_GOODS_RECEIPTS
REC-00000404,PO-ORPHAN-999999,SKU-0052,WH-MUM-03,2026-03-24 08:00:00,2026-03-25 12:00:00,356,3,WH-MUM-03#ASL-3#SHF-A#BIN-91,BLUEYONDER_WMS,2026-03-24 08:27:00,2026-08-05 02:59:59,BATCH_202603_RAW_GOODS_RECEIPTS
REC-00000405,PO-00000414,SKU-0030,WH-LKO-01,2026-03-27T15:00:00+05:30,2026-03-29 20:00:00,455,0,WH-LKO-01#ASL-2#SHF-C#BIN-50,BLUEYONDER_WMS,2026-03-27 16:07:00,2026-08-05 02:59:59,BATCH_202603_RAW_GOODS_RECEIPTS
REC-00000406,PO-00000418,SKU-0007,WH-BLR-04,2026-03-28 15:00:00,2026-03-29 17:00:00,272,0,WH-BLR-04#ASL-5#SHF-B#BIN-18,BLUEYONDER_WMS,2026-03-28 17:31:00,2026-08-05 02:59:59,BATCH_202603_RAW_GOODS_RECEIPTS
REC-00000407,PO-00000420,SKU-0026,WH-MUM-03,2026-03-30 11:00:00,2026-04-01 15:00:00,357,0,WH-MUM-03#ASL-4#SHF-B#BIN-56,BLUEYONDER_WMS,2026-03-30 12:24:00,2026-08-05 02:59:59,BATCH_202603_RAW_GOODS_RECEIPTS
REC-00000408,PO-00000421,SKU-0132,WH-BLR-04,2026-03-30 13:00:00,2026-04-02 14:00:00,521,0,WH-BLR-04#ASL-8#SHF-B#BIN-26,BLUEYONDER_WMS,2026-03-30 13:39:00,2026-08-05 02:59:59,BATCH_202603_RAW_GOODS_RECEIPTS
REC-00000409,PO-00000417,SKU-0016,WH-MUM-03,2026-04-02 10:00:00,2026-04-04 12:00:00,472,7,WH-MUM-03#ASL-1#SHF-B#BIN-93,BLUEYONDER_WMS,2026-04-02 12:27:00,2026-08-05 02:59:59,BATCH_202604_RAW_GOODS_RECEIPTS
REC-00000410,PO-00000425,SKU-0069,WH-BLR-04,2026-04-03 14:00:00,2026-04-06 16:00:00,460,0,WH-BLR-04#ASL-2#SHF-C#BIN-50,BLUEYONDER_WMS,2026-04-03 15:31:00,2026-08-05 02:59:59,BATCH_202604_RAW_GOODS_RECEIPTS
REC-00000411,PO-00000423,SKU-0058,WH-BLR-04,2026-04-04 15:00:00,2026-04-07 16:00:00,427,0,WH-BLR-04#ASL-7#SHF-C#BIN-50,BLUEYONDER_WMS,2026-04-04 16:36:00,2026-08-05 02:59:59,BATCH_202604_RAW_GOODS_RECEIPTS
REC-00000412,PO-00000427,SKU-0111,WH-BLR-04,2026-04-05 10:00:00,2026-04-07 14:00:00,486,0,WH-BLR-04#ASL-1#SHF-B#BIN-50,BLUEYONDER_WMS,2026-04-05 12:05:00,2026-08-05 02:59:59,BATCH_202604_RAW_GOODS_RECEIPTS
REC-00000413,PO-00000407,SKU-0132,WH-MUM-03,2026-04-07 15:00:00,2026-04-08 18:00:00,425,0,WH-MUM-03#ASL-1#SHF-A#BIN-11,BLUEYONDER_WMS,2026-04-07 17:44:00,2026-08-05 02:59:59,BATCH_202604_RAW_GOODS_RECEIPTS
REC-00000414,PO-00000426,SKU-0047,WH-DEL-02,2026-04-10 09:00:00,2026-04-12 10:00:00,251,0,WH-DEL-02#ASL-4#SHF-B#BIN-53,BLUEYONDER_WMS,2026-04-10 11:44:00,2026-08-05 02:59:59,BATCH_202604_RAW_GOODS_RECEIPTS
REC-00000415,PO-00000428,SKU-0135,WH-MUM-03,2026-04-10 15:00:00,2026-04-12 18:00:00,480,0,WH-MUM-03#ASL-2#SHF-B#BIN-13,BLUEYONDER_WMS,2026-04-10 15:14:00,2026-08-05 02:59:59,BATCH_202604_RAW_GOODS_RECEIPTS
REC-00000416,PO-00000436,SKU-0149,WH-MUM-03,2026-04-21 12:00:00,2026-04-23 14:00:00,372,0,WH-MUM-03#ASL-6#SHF-C#BIN-10,BLUEYONDER_WMS,2026-04-21 14:30:00,2026-08-05 02:59:59,BATCH_202604_RAW_GOODS_RECEIPTS
REC-00000417,PO-00000431,SKU-0069,WH-BLR-04,2026-04-22 16:00:00,2026-04-23 21:00:00,602,0,WH-BLR-04#ASL-8#SHF-B#BIN-57,BLUEYONDER_WMS,2026-04-22 18:52:00,2026-08-05 02:59:59,BATCH_202604_RAW_GOODS_RECEIPTS
REC-00000418,PO-00000434,SKU-0137,WH-MUM-03,2026-04-23 08:00:00,2026-04-26 11:00:00,524,0,WH-MUM-03#ASL-1#SHF-A#BIN-50,BLUEYONDER_WMS,2026-04-23 10:01:00,2026-08-05 02:59:59,BATCH_202604_RAW_GOODS_RECEIPTS
REC-00000419,PO-00000437,SKU-0051,WH-BLR-04,2026-04-24 12:00:00,2026-04-25 15:00:00,491,0,WH-BLR-04#ASL-5#SHF-C#BIN-54,BLUEYONDER_WMS,2026-04-24 13:34:00,2026-08-05 02:59:59,BATCH_202604_RAW_GOODS_RECEIPTS
REC-00000420,PO-00000433,SKU-0119,WH-LKO-01,2026-04-25T12:00:00+05:30,2026-04-26 17:00:00,465,0,WH-LKO-01#ASL-6#SHF-C#BIN-58,BLUEYONDER_WMS,2026-04-25 12:25:00,2026-08-05 02:59:59,BATCH_202604_RAW_GOODS_RECEIPTS
REC-00000421,PO-00000432,SKU-0058,WH-BLR-04,2026-04-26 11:00:00,2026-04-28 14:00:00,503,17,WH-BLR-04#ASL-1#SHF-C#BIN-12,BLUEYONDER_WMS,2026-04-26 13:08:00,2026-08-05 02:59:59,BATCH_202604_RAW_GOODS_RECEIPTS
REC-00000422,PO-00000435,SKU-0111,WH-BLR-04,2026-04-26 08:00:00,2026-04-27 11:00:00,442,6,WH-BLR-04#ASL-1#SHF-B#BIN-34,BLUEYONDER_WMS,2026-04-26 08:17:00,2026-08-05 02:59:59,BATCH_202604_RAW_GOODS_RECEIPTS
REC-00000423,PO-00000429,SKU-0087,WH-MUM-03,27/04/2026,2026-04-29 20:00:00,408,0,WH-MUM-03#ASL-7#SHF-C#BIN-28,BLUEYONDER_WMS,2026-04-27 18:47:00,2026-08-05 02:59:59,BATCH_202604_RAW_GOODS_RECEIPTS
REC-00000424,PO-00000441,SKU-0135,WH-MUM-03,2026-04-27 16:00:00,2026-04-28 19:00:00,635,0,WH-MUM-03#ASL-5#SHF-B#BIN-16,BLUEYONDER_WMS,2026-04-27 17:56:00,2026-08-05 02:59:59,BATCH_202604_RAW_GOODS_RECEIPTS
REC-00000425,PO-00000430,SKU-0132,wh-blr-04,2026-04-28 08:00:00,2026-04-30 12:00:00,502,0,WH-BLR-04#ASL-8#SHF-A#BIN-86,BLUEYONDER_WMS,2026-04-28 08:01:00,2026-08-05 02:59:59,BATCH_202604_RAW_GOODS_RECEIPTS
REC-00000426,PO-00000439,SKU-0003,WH-BLR-04,2026-04-28 13:00:00,2026-04-30T17:00:00Z,487,0,WH-BLR-04#ASL-7#SHF-C#BIN-19,BLUEYONDER_WMS,2026-04-28 14:48:00,2026-08-05 02:59:59,BATCH_202604_RAW_GOODS_RECEIPTS
REC-00000427,PO-00000443,SKU-0096,WH-BLR-04,2026-04-29 13:00:00,2026-05-02 18:00:00,439,0,WH-BLR-04#ASL-7#SHF-B#BIN-38,BLUEYONDER_WMS,2026-04-29 13:23:00,2026-08-05 02:59:59,BATCH_202604_RAW_GOODS_RECEIPTS
REC-00000428,PO-00000444,SKU-0039,WH-BLR-04,2026-05-01 08:00:00,05-04-2026,514,0,WH-BLR-04#ASL-3#SHF-C#BIN-61,BLUEYONDER_WMS,2026-05-01 10:31:00,2026-08-05 02:59:59,BATCH_202605_RAW_GOODS_RECEIPTS
REC-00000429,PO-00000448,SKU-0085,WH-DEL-02,2026-05-02 12:00:00,2026-05-03 14:00:00,372,0,WH-DEL-02#ASL-6#SHF-A#BIN-93,BLUEYONDER_WMS,2026-05-02 14:00:00,2026-08-05 02:59:59,BATCH_202605_RAW_GOODS_RECEIPTS
REC-00000430,PO-00000440,SKU-0093,WH-BLR-04,2026-05-03 15:00:00,2026-05-06 16:00:00,483,0,WH-BLR-04#ASL-6#SHF-A#BIN-38,BLUEYONDER_WMS,2026-05-03 17:31:00,2026-08-05 02:59:59,BATCH_202605_RAW_GOODS_RECEIPTS
REC-00000431,PO-00000445,SKU-0038,WH-DEL-02,2026-05-06 09:00:00,2026-05-08 10:00:00,589,0,WH-DEL-02#ASL-2#SHF-B#BIN-87,BLUEYONDER_WMS,2026-05-06 09:04:00,2026-08-05 02:59:59,BATCH_202605_RAW_GOODS_RECEIPTS
REC-00000432,PO-00000446,SKU-0142,WH-DEL-02,05-06-2026,2026-05-09 17:00:00,378,0,WH-DEL-02#ASL-9#SHF-B#BIN-38,BLUEYONDER_WMS,2026-05-06 13:16:00,2026-08-05 02:59:59,BATCH_202605_RAW_GOODS_RECEIPTS
REC-00000433,PO-00000449,SKU-0149,WH-MUM-03,2026-05-09 10:00:00,2026-05-11 12:00:00,439,0,WH-MUM-03#ASL-1#SHF-A#BIN-46,BLUEYONDER_WMS,2026-05-09 12:22:00,2026-08-05 02:59:59,BATCH_202605_RAW_GOODS_RECEIPTS
REC-00000434,PO-00000447,SKU-0064,WH-MUM-03,11/05/2026,2026-05-14 10:00:00,390,0,WH-MUM-03#ASL-2#SHF-A#BIN-32,BLUEYONDER_WMS,2026-05-11 10:24:00,2026-08-05 02:59:59,BATCH_202605_RAW_GOODS_RECEIPTS
REC-00000435,PO-00000455,SKU-0035,WH-MUM-03,2026-05-11 11:00:00,2026-05-13 15:00:00,478,0,WH-MUM-03#ASL-6#SHF-A#BIN-48,BLUEYONDER_WMS,2026-05-11 11:54:00,2026-08-05 02:59:59,BATCH_202605_RAW_GOODS_RECEIPTS
REC-00000436,PO-00000450,SKU-0137,WH-MUM-03,2026-05-12 10:00:00,2026-05-15 11:00:00,630,0,WH-MUM-03#ASL-7#SHF-A#BIN-22,BLUEYONDER_WMS,2026-05-12 12:47:00,2026-08-05 02:59:59,BATCH_202605_RAW_GOODS_RECEIPTS
REC-00000437,PO-00000457,SKU-0096,WH-BLR-04,2026-05-14 14:00:00,2026-05-17 15:00:00,365,0,WH-BLR-04#ASL-9#SHF-A#BIN-41,BLUEYONDER_WMS,2026-05-14 14:23:00,2026-08-05 02:59:59,BATCH_202605_RAW_GOODS_RECEIPTS
REC-00000438,PO-00000461,SKU-0071,WH-BLR-04,2026-05-14 08:00:00,2026-05-15 13:00:00,288,0,WH-BLR-04#ASL-1#SHF-C#BIN-96,BLUEYONDER_WMS,2026-05-14 08:56:00,2026-08-05 02:59:59,BATCH_202605_RAW_GOODS_RECEIPTS
REC-00000439,PO-00000451,SKU-0101,WH-MUM-03,2026-05-15 09:00:00,2026-05-16 10:00:00,433,0,WH-MUM-03#ASL-8#SHF-B#BIN-95,BLUEYONDER_WMS,2026-05-15 11:22:00,2026-08-05 02:59:59,BATCH_202605_RAW_GOODS_RECEIPTS
REC-00000440,PO-00000452,SKU-0014,WH-DEL-02,2026-05-18 12:00:00,2026-05-20 13:00:00,296,0,WH-DEL-02#ASL-8#SHF-C#BIN-19,BLUEYONDER_WMS,2026-05-18 13:04:00,2026-08-05 02:59:59,BATCH_202605_RAW_GOODS_RECEIPTS
REC-00000441,PO-00000453,SKU-0087,WH-MUM-03,2026-05-18 09:00:00,1779255000,390,0,WH-MUM-03#ASL-2#SHF-B#BIN-60,BLUEYONDER_WMS,2026-05-18 09:57:00,2026-08-05 02:59:59,BATCH_202605_RAW_GOODS_RECEIPTS
REC-00000442,PO-00000454,SKU-0003,WH-BLR-04,2026-05-18 09:00:00,2026-05-21 14:00:00,640,0,WH-BLR-04#ASL-2#SHF-A#BIN-59,BLUEYONDER_WMS,2026-05-18 10:20:00,2026-08-05 02:59:59,BATCH_202605_RAW_GOODS_RECEIPTS
REC-00000443,PO-00000460,SKU-0060,WH-MUM-03,2026-05-18 08:00:00,2026-05-21 13:00:00,431,0,WH-MUM-03#ASL-6#SHF-B#BIN-56,BLUEYONDER_WMS,2026-05-18 10:29:00,2026-08-05 02:59:59,BATCH_202605_RAW_GOODS_RECEIPTS
REC-00000444,PO-00000466,sku-0125,WH-MUM-03,2026-05-18 13:00:00,2026-05-21 17:00:00,269,0,WH-MUM-03#ASL-2#SHF-B#BIN-75,BLUEYONDER_WMS,2026-05-18 15:27:00,2026-08-05 02:59:59,BATCH_202605_RAW_GOODS_RECEIPTS
REC-00000445,PO-00000459,SKU-0039,WH-BLR-04,2026-05-20 12:00:00,2026-05-22 17:00:00,436,0,WH-BLR-04#ASL-2#SHF-A#BIN-58,BLUEYONDER_WMS,2026-05-20 12:25:00,2026-08-05 02:59:59,BATCH_202605_RAW_GOODS_RECEIPTS
REC-00000446,PO-00000458,SKU-0120,WH-LKO-01,2026-05-21 11:00:00,2026-05-23 14:00:00,335,0,WH-LKO-01#ASL-1#SHF-A#BIN-85,BLUEYONDER_WMS,2026-05-21 13:19:00,2026-08-05 02:59:59,BATCH_202605_RAW_GOODS_RECEIPTS
REC-00000447,PO-00000462,SKU-0093,WH-BLR-04,2026-05-22 14:00:00,2026-05-24 16:00:00,370,0,WH-BLR-04#ASL-9#SHF-C#BIN-95,BLUEYONDER_WMS,2026-05-22 15:09:00,2026-08-05 02:59:59,BATCH_202605_RAW_GOODS_RECEIPTS
REC-00000448,PO-00000467,SKU-0142,WH-DEL-02,2026-05-22 12:00:00,2026-05-25 13:00:00,436,0,WH-DEL-02#ASL-8#SHF-A#BIN-22,BLUEYONDER_WMS,2026-05-22 12:03:00,2026-08-05 02:59:59,BATCH_202605_RAW_GOODS_RECEIPTS
REC-00000449,PO-00000468,SKU-0073,WH-BLR-04,2026-05-22 16:00:00,2026-05-24 18:00:00,542,0,WH-BLR-04#ASL-6#SHF-C#BIN-44,BLUEYONDER_WMS,2026-05-22 16:39:00,2026-08-05 02:59:59,BATCH_202605_RAW_GOODS_RECEIPTS
REC-00000450,PO-00000469,SKU-0035,WH-MUM-03,2026-05-25 12:00:00,2026-05-28 15:00:00,491,0,WH-MUM-03#ASL-3#SHF-C#BIN-44,BLUEYONDER_WMS,2026-05-25 14:04:00,2026-08-05 02:59:59,BATCH_202605_RAW_GOODS_RECEIPTS
REC-00000451,PO-00000471,SKU-0100,WH-MUM-03,26/05/2026,2026-05-29 16:00:00,364,0,WH-MUM-03#ASL-7#SHF-A#BIN-29,BLUEYONDER_WMS,2026-05-26 15:07:00,2026-08-05 02:59:59,BATCH_202605_RAW_GOODS_RECEIPTS
REC-00000452,PO-00000456,SKU-0055,WH-MUM-03,2026-05-28 10:00:00,2026-05-30 15:00:00,413,0,WH-MUM-03#ASL-6#SHF-B#BIN-88,BLUEYONDER_WMS,2026-05-28 11:39:00,2026-08-05 02:59:59,BATCH_202605_RAW_GOODS_RECEIPTS
REC-00000453,PO-00000464,SKU-0038,WH-DEL-02,2026-05-28 16:00:00,2026-05-31 18:00:00,630,0,WH-DEL-02#ASL-9#SHF-B#BIN-39,BLUEYONDER_WMS,2026-05-28 18:17:00,2026-08-05 02:59:59,BATCH_202605_RAW_GOODS_RECEIPTS
REC-00000454,PO-00000478,SKU-0037,WH-MUM-03,05-30-2026,2026-06-01 11:00:00,488,0,WH-MUM-03#ASL-8#SHF-C#BIN-41,BLUEYONDER_WMS,2026-05-30 09:02:00,2026-08-05 02:59:59,BATCH_202605_RAW_GOODS_RECEIPTS
REC-00000455,PO-00000465,SKU-0068,WH-LKO-01,2026-06-01 15:00:00,2026-06-02 19:00:00,578,0,WH-LKO-01#ASL-8#SHF-B#BIN-44,BLUEYONDER_WMS,2026-06-01 17:47:00,2026-08-05 02:59:59,BATCH_202606_RAW_GOODS_RECEIPTS
REC-00000456,PO-00000476,SKU-0129,WH-DEL-02,2026-06-01 15:00:00,2026-06-02 16:00:00,576,0,WH-DEL-02#ASL-4#SHF-B#BIN-57,BLUEYONDER_WMS,2026-06-11 15:36:00,2026-08-05 02:59:59,BATCH_202606_RAW_GOODS_RECEIPTS
REC-00000457,PO-00000482,SKU-0067,WH-DEL-02,2026-06-01 14:00:00,2026-06-04 15:00:00,668,0,WH-DEL-02#ASL-9#SHF-A#BIN-97,BLUEYONDER_WMS,2026-06-01 14:57:00,2026-08-05 02:59:59,BATCH_202606_RAW_GOODS_RECEIPTS
REC-00000458,PO-00000479,SKU-0014,WH-DEL-02,2026-06-02 16:00:00,2026-06-05 20:00:00,334,0,WH-DEL-02#ASL-2#SHF-B#BIN-62,BLUEYONDER_WMS,2026-06-02 18:37:00,2026-08-05 02:59:59,BATCH_202606_RAW_GOODS_RECEIPTS
REC-00000459,PO-00000475,SKU-0138,WH-DEL-02,2026-06-03 15:00:00,2026-06-04 18:00:00,522,0,WH-DEL-02#ASL-6#SHF-A#BIN-18,BLUEYONDER_WMS,2026-06-03 17:21:00,2026-08-05 02:59:59,BATCH_202606_RAW_GOODS_RECEIPTS
REC-00000460,PO-00000473,SKU-0013,WH-DEL-02,2026-06-04 13:00:00,2026-06-05 18:00:00,402,12,WH-DEL-02#ASL-7#SHF-C#BIN-27,BLUEYONDER_WMS,2026-06-04 13:36:00,2026-08-05 02:59:59,BATCH_202606_RAW_GOODS_RECEIPTS
REC-00000461,PO-00000474,SKU-0137,WH-BLR-04,2026-06-04 11:00:00,2026-06-07 13:00:00,448,0,WH-BLR-04#ASL-8#SHF-B#BIN-71,BLUEYONDER_WMS,2026-06-04 12:31:00,2026-08-05 02:59:59,BATCH_202606_RAW_GOODS_RECEIPTS
REC-00000462,PO-00000477,SKU-0079,WH-DEL-02,2026-06-05 13:00:00,2026-06-07 14:00:00,388,0,WH-DEL-02#ASL-7#SHF-C#BIN-98,BLUEYONDER_WMS,2026-06-05 13:39:00,2026-08-05 02:59:59,BATCH_202606_RAW_GOODS_RECEIPTS
REC-00000463,PO-00000480,SKU-0060,WH-MUM-03,2026-06-06 13:00:00,2026-06-08 15:00:00,399,0,WH-MUM-03#ASL-7#SHF-B#BIN-37,BLUEYONDER_WMS,2026-06-06 15:37:00,2026-08-05 02:59:59,BATCH_202606_RAW_GOODS_RECEIPTS
REC-00000464,PO-00000470,SKU-0064,WH-MUM-03,07/06/2026,2026-06-09 17:00:00,458,10,WH-MUM-03#ASL-9#SHF-C#BIN-86,BLUEYONDER_WMS,2026-06-07 16:53:00,2026-08-05 02:59:59,BATCH_202606_RAW_GOODS_RECEIPTS
REC-00000465,PO-00000486,SKU-0073,WH-BLR-04,2026-06-07 12:00:00,2026-06-08 17:00:00,418,0,WH-BLR-04#ASL-8#SHF-B#BIN-30,BLUEYONDER_WMS,2026-06-08 14:59:00,2026-08-05 02:59:59,BATCH_202606_RAW_GOODS_RECEIPTS
REC-00000466,PO-00000463,SKU-0093,WH-MUM-03,2026-06-08 10:00:00,2026-06-10 11:00:00,449,0,WH-MUM-03#ASL-9#SHF-A#BIN-37,BLUEYONDER_WMS,2026-06-08 11:24:00,2026-08-05 02:59:59,BATCH_202606_RAW_GOODS_RECEIPTS
REC-00000467,PO-00000472,SKU-0003,WH-DEL-02,2026-06-08 12:00:00,2026-06-11 17:00:00,251,0,WH-DEL-02#ASL-3#SHF-C#BIN-15,BLUEYONDER_WMS,2026-06-08 13:24:00,2026-08-05 02:59:59,BATCH_202606_RAW_GOODS_RECEIPTS
REC-00000468,PO-00000481,SKU-0125,WH-MUM-03,2026-06-10 14:00:00,2026-06-11 18:00:00,206,0,WH-MUM-03#ASL-1#SHF-B#BIN-36,BLUEYONDER_WMS,2026-06-10 16:08:00,2026-08-05 02:59:59,BATCH_202606_RAW_GOODS_RECEIPTS
REC-00000469,PO-00000483,N/A,WH-BLR-04,2026-06-12 13:00:00,2026-06-13 17:00:00,374,0,WH-BLR-04#ASL-1#SHF-C#BIN-80,BLUEYONDER_WMS,2026-06-12 13:06:00,2026-08-05 02:59:59,BATCH_202606_RAW_GOODS_RECEIPTS
REC-00000470,PO-00000490,SKU-0037,WH-MUM-03,2026-06-13 15:00:00,2026-06-14 17:00:00,389,0,WH-MUM-03#ASL-5#SHF-A#BIN-73,BLUEYONDER_WMS,2026-06-13 15:42:00,2026-08-05 02:59:59,BATCH_202606_RAW_GOODS_RECEIPTS
REC-00000471,PO-00000484,SKU-0097,WH-LKO-01,2026-06-14 08:00:00,2026-06-17 09:00:00,472,9,WH-LKO-01#ASL-9#SHF-B#BIN-10,BLUEYONDER_WMS,2026-06-14 09:29:00,2026-08-05 02:59:59,BATCH_202606_RAW_GOODS_RECEIPTS
REC-00000472,PO-00000491,SKU-0067, WH-DEL-02 ,2026-06-14 16:00:00,2026-06-15 20:00:00,600,0,WH-DEL-02#ASL-1#SHF-A#BIN-15,BLUEYONDER_WMS,2026-06-14 16:20:00,2026-08-05 02:59:59,BATCH_202606_RAW_GOODS_RECEIPTS
REC-00000473,PO-00000488,SKU-0100,WH-MUM-03,2026-06-18 16:00:00,2026-06-20 17:00:00,353,0,WH-MUM-03#ASL-8#SHF-C#BIN-63,BLUEYONDER_WMS,2026-06-18 16:17:00,2026-08-05 02:59:59,BATCH_202606_RAW_GOODS_RECEIPTS
REC-00000474,PO-00000487,SKU-0015,WH-MUM-03,2026-06-22 12:00:00,2026-06-25 17:00:00,418,0,WH-MUM-03#ASL-7#SHF-A#BIN-32,BLUEYONDER_WMS,2026-06-22 14:32:00,2026-08-05 02:59:59,BATCH_202606_RAW_GOODS_RECEIPTS
REC-00000475,PO-00000493,SKU-0079,WH-DEL-02,2026-06-25 12:00:00,2026-06-28 13:00:00,344,0,WH-DEL-02#ASL-6#SHF-A#BIN-71,BLUEYONDER_WMS,2026-06-25 14:11:00,2026-08-05 02:59:59,BATCH_202606_RAW_GOODS_RECEIPTS
REC-00000476,PO-00000494,SKU-0020,WH-DEL-02,2026-06-26 09:00:00,2026-06-29 11:00:00,451,0,WH-DEL-02#ASL-1#SHF-B#BIN-81,BLUEYONDER_WMS,2026-07-01 10:29:00,2026-08-05 02:59:59,BATCH_202606_RAW_GOODS_RECEIPTS
REC-00000477,PO-00000496,SKU-0093,WH-MUM-03,2026-06-26 14:00:00,2026-06-27 17:00:00,439,16,WH-MUM-03#ASL-8#SHF-B#BIN-96,BLUEYONDER_WMS,2026-06-26 16:22:00,2026-08-05 02:59:59,BATCH_202606_RAW_GOODS_RECEIPTS
REC-00000478,PO-00000489,SKU-0055,WH-MUM-03,2026-06-27 16:00:00,2026-06-28 19:00:00,357,0,WH-MUM-03#ASL-3#SHF-A#BIN-63,BLUEYONDER_WMS,2026-06-27 17:09:00,2026-08-05 02:59:59,BATCH_202606_RAW_GOODS_RECEIPTS
REC-00000479,PO-00000492,SKU-0137,WH-BLR-04,2026-06-28 15:00:00,2026-06-30 18:00:00,554,0,WH-BLR-04#ASL-8#SHF-C#BIN-82,BLUEYONDER_WMS,2026-06-28 15:18:00,2026-08-05 02:59:59,BATCH_202606_RAW_GOODS_RECEIPTS
REC-00000480,PO-00000497,SKU-0098,WH-LKO-01,2026-06-28 08:00:00,2026-06-30 13:00:00,667,0,WH-LKO-01#ASL-4#SHF-B#BIN-48,BLUEYONDER_WMS,2026-06-28 09:18:00,2026-08-05 02:59:59,BATCH_202606_RAW_GOODS_RECEIPTS
REC-00000481,PO-00000495,SKU-0003,WH-DEL-02,2026-06-29 13:00:00,2026-07-01 17:00:00,353,0,WH-DEL-02#ASL-8#SHF-C#BIN-93,BLUEYONDER_WMS,2026-06-29 13:47:00,2026-08-05 02:59:59,BATCH_202606_RAW_GOODS_RECEIPTS
REC-00000482,PO-00000499,SKU-0082,WH-BLR-04,2026-06-30 16:00:00,2026-07-01 19:00:00,252,0,WH-BLR-04#ASL-5#SHF-A#BIN-81,BLUEYONDER_WMS,2026-06-30 17:54:00,2026-08-05 02:59:59,BATCH_202606_RAW_GOODS_RECEIPTS
REC-00000483,PO-00000501,SKU-0108,WH-MUM-03,2026-06-17 09:00:00,2026-07-02 13:00:00,478,0,WH-MUM-03#ASL-4#SHF-B#BIN-20,BLUEYONDER_WMS,2026-06-17 09:21:00,2026-08-05 02:59:59,BATCH_202606_RAW_GOODS_RECEIPTS
