shipment_id_raw,po_id_raw,tracking_id_raw,carrier_id_raw,supplier_handover_date_raw,ship_date_raw,expected_arrival_date_raw,destination_warehouse_id_raw,source_system,record_updated_at,ingestion_timestamp,batch_id
SHP-00000001,PO-00000001,TRK-78624534,Oceanic Freight,2025-01-12 16:00:00,2025-01-12 16:00:00,2025-01-21 16:00:00,WH-LKO-01,SAP_TM,2025-01-12 18:31:00,2026-08-05 02:59:59,BATCH_202501_RAW_INBOUND_SHIPMENTS
SHP-00000002,PO-00000002,TRK-37786129,FedEx,2025-01-09 14:00:00,2025-01-09 14:00:00,2025-01-12 14:00:00,WH-MUM-03,SAP_TM,2025-01-09 15:39:00,2026-08-05 02:59:59,BATCH_202501_RAW_INBOUND_SHIPMENTS
SHP-00000003,PO-00000003,TRK-32019658,DHL Express,2025-01-08 16:00:00,2025-01-08 16:00:00,2025-01-10 16:00:00,WH-BLR-04,SAP_TM,2025-01-08 16:39:00,2026-08-05 02:59:59,BATCH_202501_RAW_INBOUND_SHIPMENTS
SHP-00000004,PO-00000004,TRK-52748817,Oceanic Freight,2025-01-12 15:00:00,2025-01-12 15:00:00,01-21-2025,WH-DEL-02,SAP_TM,2025-01-12 15:56:00,2026-08-05 02:59:59,BATCH_202501_RAW_INBOUND_SHIPMENTS
SHP-00000005,PO-00000005,TRK-91161366,FedEx,2025-01-14 14:00:00,2025-01-14 14:00:00,2025-01-17 14:00:00,WH-DEL-02,SAP_TM,2025-01-14 16:25:00,2026-08-05 02:59:59,BATCH_202501_RAW_INBOUND_SHIPMENTS
SHP-00000006,PO-00000006,TRK-68226387,DHL Express,2025-01-14T08:00:00Z,2025-01-14 08:00:00,2025-01-16 08:00:00,WH-DEL-02,SAP_TM,2025-01-14 08:36:00,2026-08-05 02:59:59,BATCH_202501_RAW_INBOUND_SHIPMENTS
SHP-00000007,PO-00000007,TRK-95527723,DHL Express,2025-01-11 16:00:00,2025-01-11 16:00:00,2025-01-13 16:00:00,WH-MUM-03,SAP_TM,2025-01-11 18:03:00,2026-08-05 02:59:59,BATCH_202501_RAW_INBOUND_SHIPMENTS
SHP-00000008,PO-00000008,TRK-87717531,Local-Post,2025-01-08 12:00:00,2025-01-08 12:00:00,2025-01-13 12:00:00,WH-MUM-03,SAP_TM,2025-01-08 14:43:00,2026-08-05 02:59:59,BATCH_202501_RAW_INBOUND_SHIPMENTS
SHP-00000009,PO-00000009,TRK-84991658,Local-Post,2025-01-11 08:00:00,2025-01-11 08:00:00,2025-01-16 08:00:00,WH-LKO-01,SAP_TM,2025-01-11 09:32:00,2026-08-05 02:59:59,BATCH_202501_RAW_INBOUND_SHIPMENTS
SHP-00000010,PO-00000010,TRK-22028618,DHL Express,2025-01-17 16:00:00,2025-01-17 16:00:00,2025-01-19 16:00:00,WH-MUM-03,SAP_TM,2025-01-17 18:21:00,2026-08-05 02:59:59,BATCH_202501_RAW_INBOUND_SHIPMENTS
SHP-00000011,PO-00000011,TRK-88928269,FedEx,2025-01-17 10:00:00,2025-01-17 10:00:00,2025-01-20 10:00:00,WH-MUM-03,SAP_TM,2025-01-17 10:17:00,2026-08-05 02:59:59,BATCH_202501_RAW_INBOUND_SHIPMENTS
SHP-00000012,PO-00000012,TRK-94479766,DHL Express,2025-01-20 09:00:00,2025-01-20 09:00:00,2025-01-22 09:00:00,WH-MUM-03,SAP_TM,2025-01-20 11:43:00,2026-08-05 02:59:59,BATCH_202501_RAW_INBOUND_SHIPMENTS
SHP-00000013,PO-00000013,TRK-11832362,DHL Express,01-25-2025,2025-01-25 08:00:00,2025-01-27 08:00:00,WH-BLR-04,SAP_TM,2025-01-30 09:25:00,2026-08-05 02:59:59,BATCH_202501_RAW_INBOUND_SHIPMENTS
SHP-00000014,PO-00000014,TRK-33505418,DHL Express,2025-01-23 15:00:00,2025-01-23 15:00:00,2025-01-25 15:00:00,WH-MUM-03,SAP_TM,2025-01-23 16:41:00,2026-08-05 02:59:59,BATCH_202501_RAW_INBOUND_SHIPMENTS
SHP-00000015,PO-00000015,TRK-16399444,DHL Express,2025-01-26 10:00:00,2025-01-26 10:00:00,2025-01-28 10:00:00,WH-LKO-01,SAP_TM,2025-01-26 10:18:00,2026-08-05 02:59:59,BATCH_202501_RAW_INBOUND_SHIPMENTS
SHP-00000016,PO-00000016,TRK-22545204,Local-Post,2025-02-01 08:00:00,2025-02-01 08:00:00,2025-02-06 08:00:00,WH-DEL-02,SAP_TM,2025-02-01 10:32:00,2026-08-05 02:59:59,BATCH_202502_RAW_INBOUND_SHIPMENTS
SHP-00000017,PO-00000017,TRK-40435159,FedEx,2025-01-29 10:00:00,2025-01-29 10:00:00,2025-02-01 10:00:00,WH-BLR-04,SAP_TM,2025-01-29 10:21:00,2026-08-05 02:59:59,BATCH_202501_RAW_INBOUND_SHIPMENTS
SHP-00000018,PO-00000018,TRK-32333720,DHL Express,2025-02-02 10:00:00,2025-02-02 10:00:00,2025-02-04 10:00:00,WH-DEL-02,SAP_TM,2025-02-02 10:09:00,2026-08-05 02:59:59,BATCH_202502_RAW_INBOUND_SHIPMENTS
SHP-00000019,PO-00000019,TRK-38256891,FedEx,2025-02-01 09:00:00,2025-02-01 09:00:00,2025-02-04 09:00:00,WH-MUM-03,SAP_TM,2025-02-01 09:49:00,2026-08-05 02:59:59,BATCH_202502_RAW_INBOUND_SHIPMENTS
SHP-00000020,PO-00000020,TRK-29806334,Oceanic Freight,2025-02-05 12:00:00,2025-02-05 12:00:00,2025-02-14 12:00:00,WH-MUM-03,SAP_TM,2025-02-05 14:07:00,2026-08-05 02:59:59,BATCH_202502_RAW_INBOUND_SHIPMENTS
SHP-00000021,PO-00000021,TRK-40985024,FedEx,2025-02-01 11:00:00,2025-02-01 11:00:00,2025-02-04 11:00:00,WH-DEL-02,SAP_TM,2025-02-01 11:01:00,2026-08-05 02:59:59,BATCH_202502_RAW_INBOUND_SHIPMENTS
SHP-00000022,PO-00000022,TRK-12852600,DHL Express,2025-02-03 08:00:00,2025-02-03 08:00:00,2025-02-05 08:00:00,WH-BLR-04,SAP_TM,2025-02-03 08:03:00,2026-08-05 02:59:59,BATCH_202502_RAW_INBOUND_SHIPMENTS
SHP-00000023,PO-00000023,TRK-28243290,FedEx,2025-02-11 10:00:00,2025-02-11 10:00:00,2025-02-14 10:00:00,WH-MUM-03,SAP_TM,2025-02-11 12:07:00,2026-08-05 02:59:59,BATCH_202502_RAW_INBOUND_SHIPMENTS
SHP-00000024,PO-00000025,TRK-46845624,Local-Post,2025-02-10 11:00:00,2025-02-10 11:00:00,2025-02-15 11:00:00,WH-LKO-01,SAP_TM,2025-02-10 12:46:00,2026-08-05 02:59:59,BATCH_202502_RAW_INBOUND_SHIPMENTS
SHP-00000025,PO-00000026,TRK-54342889,Oceanic Freight,2025-02-12 16:00:00,2025-02-12 16:00:00,2025-02-21 16:00:00,WH-DEL-02,SAP_TM,2025-02-12 16:01:00,2026-08-05 02:59:59,BATCH_202502_RAW_INBOUND_SHIPMENTS
SHP-00000026,PO-00000027,TRK-50012137,Local-Post,2025-02-15 09:00:00,2025-02-15 09:00:00,2025-02-20 09:00:00,WH-BLR-04,SAP_TM,2025-02-15 09:44:00,2026-08-05 02:59:59,BATCH_202502_RAW_INBOUND_SHIPMENTS
SHP-00000027,PO-00000028,TRK-25860539,FedEx,2025-02-08 10:00:00,2025-02-08 10:00:00,2025-02-11 10:00:00,WH-DEL-02,SAP_TM,2025-02-08 12:42:00,2026-08-05 02:59:59,BATCH_202502_RAW_INBOUND_SHIPMENTS
SHP-00000028,PO-00000029,TRK-13341922,Oceanic Freight,2025-02-14 08:00:00,2025-02-14 08:00:00,2025-02-23 08:00:00,WH-MUM-03,SAP_TM,2025-02-14 10:11:00,2026-08-05 02:59:59,BATCH_202502_RAW_INBOUND_SHIPMENTS
SHP-00000029,PO-00000030,TRK-23508923,DHL Express,2025-02-16 12:00:00,2025-02-16 12:00:00,2025-02-18 12:00:00,WH-MUM-03,SAP_TM,2025-02-19 14:50:00,2026-08-05 02:59:59,BATCH_202502_RAW_INBOUND_SHIPMENTS
SHP-00000030,PO-00000031,TRK-56833564,DHL Express,2025-02-20 14:00:00,2025-02-20 14:00:00,2025-02-22 14:00:00,WH-MUM-03,SAP_TM,2025-02-20 14:47:00,2026-08-05 02:59:59,BATCH_202502_RAW_INBOUND_SHIPMENTS
SHP-00000031,PO-00000032,TRK-14876759,DHL Express,2025-02-20 15:00:00,2025-02-20 15:00:00,2025-02-22 15:00:00,WH-LKO-01,SAP_TM,2025-02-20 16:21:00,2026-08-05 02:59:59,BATCH_202502_RAW_INBOUND_SHIPMENTS
SHP-00000032,PO-00000033,TRK-46707600,Local-Post,2025-02-13 08:00:00,2025-02-13 08:00:00,2025-02-18 08:00:00,WH-DEL-02,SAP_TM,2025-02-18 10:53:00,2026-08-05 02:59:59,BATCH_202502_RAW_INBOUND_SHIPMENTS
SHP-00000033,PO-00000034,TRK-62227583,FedEx,2025-02-22 16:00:00,45710,2025-02-25 16:00:00,WH-MUM-03,SAP_TM,2025-02-22 16:18:00,2026-08-05 02:59:59,BATCH_202502_RAW_INBOUND_SHIPMENTS
SHP-00000034,PO-00000035,TRK-23041092,Oceanic Freight,2025-02-17 12:00:00,2025-02-17 12:00:00,2025-02-26 12:00:00, WH-BLR-04 ,SAP_TM,2025-02-17 14:21:00,2026-08-05 02:59:59,BATCH_202502_RAW_INBOUND_SHIPMENTS
SHP-00000035,PO-00000036,TRK-95368916,Local-Post,2025-02-21 12:00:00,2025-02-21 12:00:00,2025-02-26 12:00:00,WH-DEL-02,SAP_TM,2025-02-21 14:09:00,2026-08-05 02:59:59,BATCH_202502_RAW_INBOUND_SHIPMENTS
SHP-00000036,PO-00000037,TRK-65291735,DHL Express,2025-03-01 14:00:00,2025-03-01 14:00:00,2025-03-03 14:00:00,WH-LKO-01,SAP_TM,2025-03-01 15:15:00,2026-08-05 02:59:59,BATCH_202503_RAW_INBOUND_SHIPMENTS
SHP-00000037,PO-00000038,TRK-76348147,Local-Post,2025-02-23 16:00:00,2025-02-23 16:00:00,2025-02-28 16:00:00,WH-LKO-01,SAP_TM,2025-02-23 18:38:00,2026-08-05 02:59:59,BATCH_202502_RAW_INBOUND_SHIPMENTS
SHP-00000038,PO-00000039,TRK-66550659,Local-Post,2025-02-26 14:00:00,2025-02-26 14:00:00,2025-03-03 14:00:00,WH-BLR-04,SAP_TM,2025-02-26 14:20:00,2026-08-05 02:59:59,BATCH_202502_RAW_INBOUND_SHIPMENTS
SHP-00000039,PO-00000040,TRK-48045845,DHL Express,2025-03-01 11:00:00,2025-03-01 11:00:00,2025-03-03 11:00:00,WH-MUM-03,SAP_TM,2025-03-01 13:31:00,2026-08-05 02:59:59,BATCH_202503_RAW_INBOUND_SHIPMENTS
SHP-00000040,PO-00000041,TRK-41791993,DHL Express,2025-03-03 08:00:00,2025-03-03 08:00:00,2025-03-05 08:00:00,WH-LKO-01,SAP_TM,2025-03-06 08:19:00,2026-08-05 02:59:59,BATCH_202503_RAW_INBOUND_SHIPMENTS
SHP-00000041,PO-00000042,TRK-55347247,DHL Express,2025-03-02 14:00:00,2025-03-02 14:00:00,2025-03-04 14:00:00,WH-LKO-01,SAP_TM,2025-03-02 16:02:00,2026-08-05 02:59:59,BATCH_202503_RAW_INBOUND_SHIPMENTS
SHP-00000042,PO-00000043,TRK-20605688,Local-Post,2025-03-03 13:00:00,2025-03-03 13:00:00,2025-03-08 13:00:00,WH-DEL-02,SAP_TM,2025-03-03 15:07:00,2026-08-05 02:59:59,BATCH_202503_RAW_INBOUND_SHIPMENTS
SHP-00000043,PO-00000044,TRK-65260769,DHL Express,06/03/2025,2025-03-06 13:00:00,03-08-2025,WH-DEL-02,SAP_TM,2025-03-06 13:17:00,2026-08-05 02:59:59,BATCH_202503_RAW_INBOUND_SHIPMENTS
SHP-00000044,PO-00000045,TRK-92280642,Oceanic Freight,2025-03-10 16:00:00,2025-03-10 16:00:00,45735,WH-LKO-01,SAP_TM,2025-03-10 16:35:00,2026-08-05 02:59:59,BATCH_202503_RAW_INBOUND_SHIPMENTS
SHP-00000045,PO-00000046,TRK-90587696,DHL Express,2025-03-07 11:00:00,2025-03-07 11:00:00,2025-03-09 11:00:00,WH-LKO-01,SAP_TM,2025-03-07 13:45:00,2026-08-05 02:59:59,BATCH_202503_RAW_INBOUND_SHIPMENTS
SHP-00000046,PO-00000047,TRK-55062043,FedEx,2025-03-09 12:00:00,2025-03-09 12:00:00,2025-03-12 12:00:00,WH-BLR-04,SAP_TM,2025-03-09 13:18:00,2026-08-05 02:59:59,BATCH_202503_RAW_INBOUND_SHIPMENTS
SHP-00000047,PO-00000048,TRK-89135362,Local-Post,2025-03-18T12:00:00+05:30,2025-03-18 12:00:00,2025-03-23 12:00:00,WH-LKO-01,SAP_TM,2025-03-18 14:51:00,2026-08-05 02:59:59,BATCH_202503_RAW_INBOUND_SHIPMENTS
SHP-00000048,PO-00000049,TRK-74339275,Local-Post,2025-03-23 08:00:00,2025-03-23 08:00:00,2025-03-28 08:00:00,WH-LKO-01,SAP_TM,2025-03-23 10:49:00,2026-08-05 02:59:59,BATCH_202503_RAW_INBOUND_SHIPMENTS
SHP-00000049,PO-00000050,TRK-93176622,FedEx,2025-03-18 11:00:00,2025-03-18 11:00:00,2025-03-21T11:00:00+05:30,WH-BLR-04,SAP_TM,2025-03-18 13:59:00,2026-08-05 02:59:59,BATCH_202503_RAW_INBOUND_SHIPMENTS
SHP-00000050,PO-00000051,TRK-69146961,FedEx,2025-03-15 16:00:00,2025-03-15 16:00:00,2025-03-18 16:00:00,WH-DEL-02,SAP_TM,2025-03-15 16:06:00,2026-08-05 02:59:59,BATCH_202503_RAW_INBOUND_SHIPMENTS
SHP-00000051,PO-00000052,TRK-31796368,DHL Express,2025-03-20 11:00:00,2025-03-20 11:00:00,2025-03-22 11:00:00,WH-DEL-02,SAP_TM,2025-03-20 12:42:00,2026-08-05 02:59:59,BATCH_202503_RAW_INBOUND_SHIPMENTS
SHP-00000052,PO-00000053,TRK-64013259,Oceanic Freight,2025-03-19 09:00:00,2025-03-19 09:00:00,2025-03-28 09:00:00,WH-LKO-01,SAP_TM,2025-03-19 09:29:00,2026-08-05 02:59:59,BATCH_202503_RAW_INBOUND_SHIPMENTS
SHP-00000053,PO-00000054,TRK-60590422, Local-Post ,2025-03-27 15:00:00,2025-03-27 15:00:00,2025-04-01 15:00:00,WH-DEL-02,SAP_TM,2025-03-27 17:39:00,2026-08-05 02:59:59,BATCH_202503_RAW_INBOUND_SHIPMENTS
SHP-00000054,PO-00000055,TRK-88171050,FedEx,2025-03-28 08:00:00,2025-03-28 08:00:00,2025-03-31 08:00:00,wh-mum-03,SAP_TM,2025-03-28 10:47:00,2026-08-05 02:59:59,BATCH_202503_RAW_INBOUND_SHIPMENTS
SHP-00000055,PO-00000056,TRK-52961707,Oceanic Freight,2025-03-28 15:00:00,2025-03-28 15:00:00,2025-04-06 15:00:00,WH-LKO-01,SAP_TM,2025-03-28 15:50:00,2026-08-05 02:59:59,BATCH_202503_RAW_INBOUND_SHIPMENTS
SHP-00000056,PO-00000058,TRK-81489020,Local-Post,2025-03-30 13:00:00,2025-03-30 13:00:00,2025-04-04 13:00:00,WH-MUM-03,SAP_TM,2025-03-30 14:00:00,2026-08-05 02:59:59,BATCH_202503_RAW_INBOUND_SHIPMENTS
SHP-00000057,PO-00000059,TRK-92582799,Oceanic Freight,09/04/2025,2025-04-09 16:00:00,2025-04-18 16:00:00,WH-BLR-04,SAP_TM,2025-04-09 18:57:00,2026-08-05 02:59:59,BATCH_202504_RAW_INBOUND_SHIPMENTS
SHP-00000058,PO-00000060,TRK-56050260,FedEx,2025-03-29 09:00:00,2025-03-29 09:00:00,2025-04-01 09:00:00,WH-DEL-02,SAP_TM,2025-03-29 09:15:00,2026-08-05 02:59:59,BATCH_202503_RAW_INBOUND_SHIPMENTS
SHP-00000059,PO-00000061,TRK-89445758,Local-Post,2025-04-03 08:00:00,2025-04-03 08:00:00,2025-04-08 08:00:00,WH-BLR-04,SAP_TM,2025-04-03 09:02:00,2026-08-05 02:59:59,BATCH_202504_RAW_INBOUND_SHIPMENTS
SHP-00000060,PO-00000062,TRK-96029861,Local-Post,2025-04-07 10:00:00,2025-04-07 10:00:00,2025-04-12 10:00:00,WH-BLR-04,SAP_TM,2025-04-07 11:43:00,2026-08-05 02:59:59,BATCH_202504_RAW_INBOUND_SHIPMENTS
SHP-00000061,PO-00000063,TRK-62514763,Local-Post,2025-04-05 11:00:00,2025-04-05 11:00:00,2025-04-10 11:00:00,WH-BLR-04,SAP_TM,2025-04-05 12:37:00,2026-08-05 02:59:59,BATCH_202504_RAW_INBOUND_SHIPMENTS
SHP-00000062,PO-00000064,TRK-13027289,FedEx,2025-04-02 11:00:00,2025-04-02 11:00:00,2025-04-05 11:00:00,WH-MUM-03,SAP_TM,2025-04-02 13:43:00,2026-08-05 02:59:59,BATCH_202504_RAW_INBOUND_SHIPMENTS
SHP-00000063,PO-00000065,TRK-38595671,Local-Post,2025-04-05 15:00:00,2025-04-05T15:00:00+05:30,2025-04-10 15:00:00,WH-BLR-04,SAP_TM,2025-04-05 15:05:00,2026-08-05 02:59:59,BATCH_202504_RAW_INBOUND_SHIPMENTS
 SHP-00000064 ,PO-00000066,TRK-39810621,FedEx,2025-04-02 12:00:00,2025-04-02 12:00:00,2025-04-05 12:00:00,WH-MUM-03,SAP_TM,2025-04-02 13:24:00,2026-08-05 02:59:59,BATCH_202504_RAW_INBOUND_SHIPMENTS
SHP-00000065,PO-00000067,TRK-54618797,Local-Post,2025-04-07 16:00:00,2025-04-07 16:00:00,2025-04-12 16:00:00,WH-LKO-01,SAP_TM,2025-04-07 17:43:00,2026-08-05 02:59:59,BATCH_202504_RAW_INBOUND_SHIPMENTS
SHP-00000066,PO-00000068,TRK-26209551,FedEx,2025-04-11 08:00:00,2025-04-11 08:00:00,2025-04-14 08:00:00,WH-LKO-01,SAP_TM,2025-04-11 09:08:00,2026-08-05 02:59:59,BATCH_202504_RAW_INBOUND_SHIPMENTS
SHP-00000067,PO-00000069,TRK-96148277,DHL Express,2025-04-09 10:00:00,2025-04-09 10:00:00,2025-04-11 10:00:00,WH-MUM-03,SAP_TM,2025-04-09 11:12:00,2026-08-05 02:59:59,BATCH_202504_RAW_INBOUND_SHIPMENTS
SHP-00000068,PO-00000070,TRK-12601782,Oceanic Freight,2025-04-06 16:00:00,2025-04-06 16:00:00,2025-04-15 16:00:00,WH-MUM-03,SAP_TM,2025-04-06 17:33:00,2026-08-05 02:59:59,BATCH_202504_RAW_INBOUND_SHIPMENTS
SHP-00000069,PO-00000071,TRK-83283845,DHL Express,2025-04-11 08:00:00,2025-04-11 08:00:00,2025-04-13 08:00:00,WH-DEL-02,SAP_TM,2025-04-11 10:42:00,2026-08-05 02:59:59,BATCH_202504_RAW_INBOUND_SHIPMENTS
SHP-00000070,PO-00000072,TRK-55391677,FedEx,2025-04-06 11:00:00,2025-04-06 11:00:00,2025-04-09 11:00:00,WH-DEL-02,SAP_TM,2025-04-06 12:19:00,2026-08-05 02:59:59,BATCH_202504_RAW_INBOUND_SHIPMENTS
SHP-00000071,PO-00000073,TRK-38232516,Oceanic Freight,2025-04-08 14:00:00,2025-04-08 14:00:00,2025-04-17 14:00:00,WH-LKO-01,SAP_TM,2025-04-08 16:33:00,2026-08-05 02:59:59,BATCH_202504_RAW_INBOUND_SHIPMENTS
SHP-00000072,PO-00000074,TRK-29976959,DHL Express,2025-04-17 09:00:00,2025-04-17 09:00:00,2025-04-19 09:00:00,WH-LKO-01,SAP_TM,2025-04-17 11:57:00,2026-08-05 02:59:59,BATCH_202504_RAW_INBOUND_SHIPMENTS
SHP-00000073,PO-00000075,trk-42405600,DHL Express,2025-04-09 15:00:00,2025-04-09 15:00:00,2025-04-11 15:00:00,WH-DEL-02,SAP_TM,2025-04-09 15:09:00,2026-08-05 02:59:59,BATCH_202504_RAW_INBOUND_SHIPMENTS
SHP-00000074,PO-00000076,TRK-10037402,FedEx,2025-04-14 12:00:00,2025-04-14 12:00:00,2025-04-17 12:00:00,WH-LKO-01,SAP_TM,2025-04-14 14:44:00,2026-08-05 02:59:59,BATCH_202504_RAW_INBOUND_SHIPMENTS
SHP-00000075,PO-00000077,TRK-76780677,N/A,2025-04-13 12:00:00,2025-04-13 12:00:00,04-18-2025,WH-LKO-01,SAP_TM,2025-04-13 13:58:00,2026-08-05 02:59:59,BATCH_202504_RAW_INBOUND_SHIPMENTS
SHP-00000076,PO-00000078,TRK-34237757,Local-Post,2025-04-17 08:00:00,2025-04-17 08:00:00,2025-04-22 08:00:00,WH-MUM-03,SAP_TM,2025-05-14 09:12:00,2026-08-05 02:59:59,BATCH_202504_RAW_INBOUND_SHIPMENTS
SHP-00000077,PO-00000079,TRK-65799007,FedEx,2025-04-17 13:00:00,2025-04-17 13:00:00,2025-04-20 13:00:00,WH-MUM-03,SAP_TM,2025-04-17 15:48:00,2026-08-05 02:59:59,BATCH_202504_RAW_INBOUND_SHIPMENTS
SHP-00000078,PO-00000080,TRK-77607042,DHL Express,2025-04-20 08:00:00,2025-04-20 08:00:00,2025-04-22 08:00:00,WH-BLR-04,SAP_TM,2025-04-20 10:16:00,2026-08-05 02:59:59,BATCH_202504_RAW_INBOUND_SHIPMENTS
SHP-00000079,PO-00000081, TRK-37763354 ,Oceanic Freight,2025-04-19 08:00:00,2025-04-19 08:00:00,2025-04-28 08:00:00,WH-BLR-04,SAP_TM,2025-04-19 08:13:00,2026-08-05 02:59:59,BATCH_202504_RAW_INBOUND_SHIPMENTS
SHP-00000080,PO-00000082,TRK-82292526,FedEx,2025-04-23 11:00:00,2025-04-23 11:00:00,2025-04-26 11:00:00,WH-DEL-02,SAP_TM,2025-04-23 11:21:00,2026-08-05 02:59:59,BATCH_202504_RAW_INBOUND_SHIPMENTS
SHP-00000081,PO-00000083,TRK-30014541,Local-Post,2025-04-23 11:00:00,2025-04-23 11:00:00,2025-04-28 11:00:00,WH-MUM-03,SAP_TM,2025-04-23 13:25:00,2026-08-05 02:59:59,BATCH_202504_RAW_INBOUND_SHIPMENTS
SHP-00000082,PO-00000084,TRK-96379358,DHL Express,2025-04-26 09:00:00,2025-04-26 09:00:00,2025-04-28 09:00:00,WH-MUM-03,SAP_TM,2025-04-26 09:50:00,2026-08-05 02:59:59,BATCH_202504_RAW_INBOUND_SHIPMENTS
SHP-00000083,PO-00000085,TRK-51552339,Local-Post,2025-04-25 16:00:00,2025-04-25 16:00:00,2025-04-30 16:00:00,WH-BLR-04,SAP_TM,2025-04-25 18:39:00,2026-08-05 02:59:59,BATCH_202504_RAW_INBOUND_SHIPMENTS
SHP-00000084,PO-00000086,TRK-80640600,Oceanic Freight,2025-04-24 16:00:00,2025-04-24 16:00:00,2025-05-03T16:00:00+05:30,WH-BLR-04,SAP_TM,2025-04-24 17:07:00,2026-08-05 02:59:59,BATCH_202504_RAW_INBOUND_SHIPMENTS
SHP-00000085,PO-00000087,TRK-85988779,FedEx,2025-04-30 10:00:00,2025-04-30 10:00:00,2025-05-03 10:00:00,WH-BLR-04,SAP_TM,2025-04-30 11:55:00,2026-08-05 02:59:59,BATCH_202504_RAW_INBOUND_SHIPMENTS
SHP-00000086,PO-00000088,TRK-97396808,Oceanic Freight,2025-04-26 11:00:00,2025-04-26 11:00:00,2025-05-05 11:00:00,WH-MUM-03,SAP_TM,2025-04-26 11:07:00,2026-08-05 02:59:59,BATCH_202504_RAW_INBOUND_SHIPMENTS
SHP-00000087,PO-00000089,TRK-35060378,Oceanic Freight,2025-04-24 12:00:00,2025-04-24 12:00:00,2025-05-03 12:00:00,WH-LKO-01,SAP_TM,2025-04-24 12:46:00,2026-08-05 02:59:59,BATCH_202504_RAW_INBOUND_SHIPMENTS
SHP-00000088,PO-00000090,TRK-55884458,DHL Express,2025-05-02 09:00:00,2025-05-02 09:00:00,2025-05-04 09:00:00,WH-BLR-04,SAP_TM,2025-05-02 10:25:00,2026-08-05 02:59:59,BATCH_202505_RAW_INBOUND_SHIPMENTS
SHP-00000089,PO-00000091,TRK-93042743,FedEx,2025-05-05 13:00:00,2025-05-05 13:00:00,2025-05-08 13:00:00,WH-LKO-01,SAP_TM,2025-05-05 14:23:00,2026-08-05 02:59:59,BATCH_202505_RAW_INBOUND_SHIPMENTS
SHP-00000090,PO-00000092,TRK-70204709,FedEx,2025-05-04 13:00:00,2025-05-04 13:00:00,2025-05-07 13:00:00,WH-MUM-03,SAP_TM,2025-05-04 15:41:00,2026-08-05 02:59:59,BATCH_202505_RAW_INBOUND_SHIPMENTS
SHP-00000091,PO-00000093,TRK-18918880,FedEx,2025-05-07 14:00:00,2025-05-07 14:00:00,2025-05-10 14:00:00,WH-DEL-02,SAP_TM,2025-05-07 15:16:00,2026-08-05 02:59:59,BATCH_202505_RAW_INBOUND_SHIPMENTS
SHP-00000092,PO-00000094,TRK-76049447,Oceanic Freight,2025-05-06 13:00:00,2025-05-06 13:00:00,2025-05-15 13:00:00,WH-MUM-03,SAP_TM,2025-05-06 13:14:00,2026-08-05 02:59:59,BATCH_202505_RAW_INBOUND_SHIPMENTS
SHP-00000093,PO-00000095,TRK-88797067,Local-Post,2025-05-07 10:00:00,2025-05-07 10:00:00,2025-05-12 10:00:00,WH-BLR-04,SAP_TM,2025-05-07 12:16:00,2026-08-05 02:59:59,BATCH_202505_RAW_INBOUND_SHIPMENTS
SHP-00000094,PO-00000096,TRK-71039867,Local-Post,2025-05-10 16:00:00,2025-05-10 16:00:00,2025-05-15 16:00:00,WH-BLR-04,SAP_TM,2025-05-10 16:24:00,2026-08-05 02:59:59,BATCH_202505_RAW_INBOUND_SHIPMENTS
SHP-00000095,PO-00000097,TRK-41254605,Local-Post,2025-05-13 10:00:00,2025-05-13 10:00:00,2025-05-18 10:00:00,WH-BLR-04,SAP_TM,2025-05-13 10:02:00,2026-08-05 02:59:59,BATCH_202505_RAW_INBOUND_SHIPMENTS
SHP-00000096,PO-00000098,TRK-70616240,DHL Express,2025-05-13 13:00:00,2025-05-13 13:00:00,2025-05-15 13:00:00,WH-DEL-02,SAP_TM,2025-05-13 13:44:00,2026-08-05 02:59:59,BATCH_202505_RAW_INBOUND_SHIPMENTS
SHP-00000097,PO-00000099,TRK-40119333,FedEx,2025-05-20 10:00:00,2025-05-20 10:00:00,2025-05-23 10:00:00,WH-LKO-01,SAP_TM,2025-05-20 10:27:00,2026-08-05 02:59:59,BATCH_202505_RAW_INBOUND_SHIPMENTS
SHP-00000098,PO-00000100,TRK-17525235,FedEx,2025-05-15 15:00:00,2025-05-15 15:00:00,2025-05-18 15:00:00,WH-BLR-04,SAP_TM,2025-05-15 16:23:00,2026-08-05 02:59:59,BATCH_202505_RAW_INBOUND_SHIPMENTS
SHP-00000099,PO-00000101,TRK-52249531,DHL Express,2025-05-14 11:00:00,2025-05-14 11:00:00,2025-05-16 11:00:00,WH-LKO-01,SAP_TM,2025-05-14 11:58:00,2026-08-05 02:59:59,BATCH_202505_RAW_INBOUND_SHIPMENTS
SHP-00000100,PO-00000102,TRK-67484347,Local-Post,2025-05-22 11:00:00,2025-05-22 11:00:00,2025-05-27 11:00:00,WH-MUM-03,SAP_TM,2025-05-22 13:19:00,2026-08-05 02:59:59,BATCH_202505_RAW_INBOUND_SHIPMENTS
SHP-00000101,PO-00000103,TRK-15301768,FedEx,2025-05-24 15:00:00,2025-05-24 15:00:00,2025-05-27 15:00:00,WH-DEL-02,SAP_TM,2025-05-24 16:49:00,2026-08-05 02:59:59,BATCH_202505_RAW_INBOUND_SHIPMENTS
SHP-00000102,PO-00000104,TRK-40436516,FedEx,2025-05-29 11:00:00,2025-05-29 11:00:00,2025-06-01 11:00:00,WH-DEL-02,SAP_TM,2025-05-29 13:21:00,2026-08-05 02:59:59,BATCH_202505_RAW_INBOUND_SHIPMENTS
SHP-00000103,PO-00000105,TRK-17167376,DHL Express,2025-05-26 12:00:00,2025-05-26 12:00:00,2025-05-28 12:00:00,WH-MUM-03,SAP_TM,2025-05-26 13:32:00,2026-08-05 02:59:59,BATCH_202505_RAW_INBOUND_SHIPMENTS
SHP-00000104,PO-00000106,TRK-45561202,Local-Post,2025-05-28 09:00:00,2025-05-28 09:00:00,2025-06-02 09:00:00,WH-BLR-04,SAP_TM,2025-05-28 11:04:00,2026-08-05 02:59:59,BATCH_202505_RAW_INBOUND_SHIPMENTS
SHP-00000105,PO-00000107,TRK-70444194,DHL Express,2025-05-26 15:00:00,2025-05-26 15:00:00,05-28-2025,WH-LKO-01,SAP_TM,2025-05-26 15:20:00,2026-08-05 02:59:59,BATCH_202505_RAW_INBOUND_SHIPMENTS
SHP-00000106,PO-00000108,N/A,Oceanic Freight,2025-05-28 14:00:00,2025-05-28 14:00:00,2025-06-06 14:00:00,WH-BLR-04,SAP_TM,2025-05-28 14:11:00,2026-08-05 02:59:59,BATCH_202505_RAW_INBOUND_SHIPMENTS
SHP-00000107,PO-00000109,TRK-82630838,FedEx,2025-06-06 11:00:00,2025-06-06 11:00:00,2025-06-09 11:00:00,WH-BLR-04,SAP_TM,2025-06-06 12:52:00,2026-08-05 02:59:59,BATCH_202506_RAW_INBOUND_SHIPMENTS
SHP-00000108,PO-00000110,TRK-36965667,Oceanic Freight,2025-05-29 10:00:00,2025-05-29 10:00:00,2025-06-07 10:00:00,WH-LKO-01,SAP_TM,2025-05-29 10:27:00,2026-08-05 02:59:59,BATCH_202505_RAW_INBOUND_SHIPMENTS
SHP-00000109,PO-00000111,TRK-83723548,Local-Post,2025-06-03 08:00:00,2025-06-03 08:00:00,2025-06-08 08:00:00,WH-BLR-04,SAP_TM,2025-06-03 09:55:00,2026-08-05 02:59:59,BATCH_202506_RAW_INBOUND_SHIPMENTS
SHP-00000110,PO-00000112,TRK-53419978,DHL Express,2025-06-11 14:00:00,2025-06-11 14:00:00,2025-06-13 14:00:00,WH-LKO-01,SAP_TM,2025-06-11 15:39:00,2026-08-05 02:59:59,BATCH_202506_RAW_INBOUND_SHIPMENTS
SHP-00000111,PO-00000113,TRK-91215569,Local-Post,2025-06-10 11:00:00,2025-06-10 11:00:00,2025-06-15 11:00:00,WH-MUM-03,SAP_TM,2025-06-10 11:51:00,2026-08-05 02:59:59,BATCH_202506_RAW_INBOUND_SHIPMENTS
SHP-00000112,PO-00000114,TRK-68648413,DHL Express,2025-06-10 15:00:00,2025-06-10 15:00:00,2025-06-12 15:00:00,WH-LKO-01,SAP_TM,2025-06-12 15:37:00,2026-08-05 02:59:59,BATCH_202506_RAW_INBOUND_SHIPMENTS
SHP-00000113,PO-00000115,TRK-23098370,fedex,2025-06-12 16:00:00,2025-06-12 16:00:00,2025-06-15 16:00:00,WH-LKO-01,SAP_TM,2025-06-12 18:56:00,2026-08-05 02:59:59,BATCH_202506_RAW_INBOUND_SHIPMENTS
SHP-00000114,PO-00000116,TRK-10398940,Local-Post,2025-06-17 13:00:00,2025-06-17 13:00:00,2025-06-22 13:00:00,WH-LKO-01,SAP_TM,2025-06-17 13:13:00,2026-08-05 02:59:59,BATCH_202506_RAW_INBOUND_SHIPMENTS
SHP-00000115,PO-00000117,TRK-86046737,Local-Post,2025-06-18 11:00:00,2025-06-18 11:00:00,2025-06-23 11:00:00,WH-BLR-04,SAP_TM,2025-06-18 11:08:00,2026-08-05 02:59:59,BATCH_202506_RAW_INBOUND_SHIPMENTS
SHP-00000116,PO-00000118,TRK-16864990,Oceanic Freight,2025-06-19 09:00:00,2025-06-19 09:00:00,2025-06-28 09:00:00,WH-MUM-03,SAP_TM,2025-06-19 10:04:00,2026-08-05 02:59:59,BATCH_202506_RAW_INBOUND_SHIPMENTS
SHP-00000117,PO-00000119,TRK-53817484,FedEx,2025-06-18 10:00:00,2025-06-18 10:00:00,2025-06-21 10:00:00,WH-BLR-04,SAP_TM,2025-06-18 10:12:00,2026-08-05 02:59:59,BATCH_202506_RAW_INBOUND_SHIPMENTS
SHP-00000118,PO-00000121,TRK-23413994,Oceanic Freight,2025-06-23 13:00:00,2025-06-23 13:00:00,2025-07-02 13:00:00,WH-BLR-04,SAP_TM,2025-06-23 14:10:00,2026-08-05 02:59:59,BATCH_202506_RAW_INBOUND_SHIPMENTS
SHP-00000119,PO-00000122,TRK-11369142,Local-Post,2025-07-01 16:00:00,2025-07-01 16:00:00,2025-07-06 16:00:00,WH-MUM-03,SAP_TM,2025-07-01 18:20:00,2026-08-05 02:59:59,BATCH_202507_RAW_INBOUND_SHIPMENTS
SHP-00000120,PO-00000123,TRK-96391205,Oceanic Freight,2025-06-21 09:00:00,2025-06-21 09:00:00,2025-06-30 09:00:00,WH-DEL-02,SAP_TM,2025-06-21 09:03:00,2026-08-05 02:59:59,BATCH_202506_RAW_INBOUND_SHIPMENTS
SHP-00000121,PO-00000124,TRK-36270951,FedEx,2025-06-28 14:00:00,2025-06-28 14:00:00,2025-07-01 14:00:00,WH-LKO-01,SAP_TM,2025-06-28 15:04:00,2026-08-05 02:59:59,BATCH_202506_RAW_INBOUND_SHIPMENTS
SHP-00000122,PO-00000125,TRK-23124279,DHL Express,2025-06-28 16:00:00,2025-06-28 16:00:00,2025-06-30 16:00:00,WH-LKO-01,SAP_TM,2025-06-28 18:37:00,2026-08-05 02:59:59,BATCH_202506_RAW_INBOUND_SHIPMENTS
SHP-00000123,PO-00000126,TRK-79546192,Oceanic Freight,2025-07-01 10:00:00,2025-07-01 10:00:00,2025-07-10 10:00:00,WH-LKO-01,SAP_TM,2025-07-01 10:58:00,2026-08-05 02:59:59,BATCH_202507_RAW_INBOUND_SHIPMENTS
SHP-00000124,PO-00000127,TRK-23251465,FedEx,2025-07-04 09:00:00,2025-07-04 09:00:00,2025-07-07 09:00:00,WH-BLR-04,SAP_TM,2025-07-04 09:47:00,2026-08-05 02:59:59,BATCH_202507_RAW_INBOUND_SHIPMENTS
SHP-00000125,PO-00000128,TRK-99021852,DHL Express,2025-06-27 10:00:00,2025-06-27 10:00:00,2025-06-29 10:00:00,WH-MUM-03,SAP_TM,2025-07-18 12:11:00,2026-08-05 02:59:59,BATCH_202506_RAW_INBOUND_SHIPMENTS
SHP-00000126,PO-00000129,TRK-92351932,FedEx,2025-07-01 14:00:00,2025-07-01T14:00:00+05:30,2025-07-04 14:00:00,WH-BLR-04,SAP_TM,2025-07-04 14:26:00,2026-08-05 02:59:59,BATCH_202507_RAW_INBOUND_SHIPMENTS
SHP-00000127,PO-00000131,TRK-94540111,FedEx,2025-06-27 14:00:00,2025-06-27 14:00:00,2025-06-30 14:00:00,WH-LKO-01,SAP_TM,2025-06-27 15:41:00,2026-08-05 02:59:59,BATCH_202506_RAW_INBOUND_SHIPMENTS
SHP-00000128,PO-00000132,TRK-61107455,Local-Post,2025-06-29 13:00:00,2025-06-29 13:00:00,2025-07-04 13:00:00,WH-BLR-04,SAP_TM,2025-06-29 13:30:00,2026-08-05 02:59:59,BATCH_202506_RAW_INBOUND_SHIPMENTS
SHP-00000129,PO-00000133,TRK-16346613,Local-Post,2025-07-02 09:00:00,2025-07-02 09:00:00,2025-07-07 09:00:00,WH-DEL-02,SAP_TM,2025-07-02 11:57:00,2026-08-05 02:59:59,BATCH_202507_RAW_INBOUND_SHIPMENTS
SHP-00000130,PO-00000134,TRK-21179654,FedEx,2025-07-07 09:00:00,2025-07-07 09:00:00,2025-07-10 09:00:00,WH-BLR-04,SAP_TM,2025-07-07 11:08:00,2026-08-05 02:59:59,BATCH_202507_RAW_INBOUND_SHIPMENTS
SHP-00000131,PO-00000135,TRK-94116106,DHL Express,2025-07-01 11:00:00,2025-07-01 11:00:00,2025-07-03 11:00:00,WH-LKO-01,SAP_TM,2025-07-01 11:56:00,2026-08-05 02:59:59,BATCH_202507_RAW_INBOUND_SHIPMENTS
SHP-00000132,PO-00000136,TRK-84776218,DHL Express,2025-06-27 16:00:00,2025-06-27 16:00:00,2025-06-29 16:00:00,WH-DEL-02,SAP_TM,2025-06-27 18:35:00,2026-08-05 02:59:59,BATCH_202506_RAW_INBOUND_SHIPMENTS
SHP-00000133,PO-00000137,TRK-87910442,Oceanic Freight,2025-07-08 15:00:00,2025-07-08 15:00:00,2025-07-17 15:00:00,WH-DEL-02,SAP_TM,2025-07-08 16:12:00,2026-08-05 02:59:59,BATCH_202507_RAW_INBOUND_SHIPMENTS
SHP-00000134,PO-00000138,TRK-81768178,Oceanic Freight,2025-07-07 12:00:00,2025-07-07 12:00:00,2025-07-16 12:00:00,WH-LKO-01,SAP_TM,2025-07-07 14:12:00,2026-08-05 02:59:59,BATCH_202507_RAW_INBOUND_SHIPMENTS
SHP-00000135,PO-00000139,TRK-11138757,DHL Express,2025-07-07 16:00:00,2025-07-07 16:00:00,2025-07-09 16:00:00,WH-LKO-01,SAP_TM,2025-07-07 16:49:00,2026-08-05 02:59:59,BATCH_202507_RAW_INBOUND_SHIPMENTS
SHP-00000136,PO-00000140,TRK-14987938,DHL Express,2025-07-03 15:00:00,2025-07-03 15:00:00,2025-07-05 15:00:00,WH-DEL-02,SAP_TM,2025-07-03 17:41:00,2026-08-05 02:59:59,BATCH_202507_RAW_INBOUND_SHIPMENTS
SHP-00000137,PO-00000141,TRK-31424280,DHL Express,2025-07-11 09:00:00,2025-07-11 09:00:00,2025-07-13 09:00:00,WH-LKO-01,SAP_TM,2025-07-11 10:53:00,2026-08-05 02:59:59,BATCH_202507_RAW_INBOUND_SHIPMENTS
SHP-00000138,PO-00000142,TRK-44318405,Oceanic Freight,2025-07-10 10:00:00,2025-07-10 10:00:00,2025-07-19 10:00:00,WH-LKO-01,SAP_TM,2025-07-10 11:50:00,2026-08-05 02:59:59,BATCH_202507_RAW_INBOUND_SHIPMENTS
SHP-00000139,PO-00000143,TRK-96467700,Local-Post,2025-07-10 13:00:00,07-10-2025,2025-07-15 13:00:00,WH-LKO-01,SAP_TM,2025-07-10 14:02:00,2026-08-05 02:59:59,BATCH_202507_RAW_INBOUND_SHIPMENTS
SHP-00000140,PO-00000144,TRK-42877159,DHL Express,2025-07-16 08:00:00,2025-07-16 08:00:00,2025-07-18 08:00:00,WH-BLR-04,SAP_TM,2025-07-16 08:14:00,2026-08-05 02:59:59,BATCH_202507_RAW_INBOUND_SHIPMENTS
SHP-00000141,PO-00000145,TRK-18725381,Oceanic Freight,2025-07-10 16:00:00,2025-07-10 16:00:00,2025-07-19 16:00:00,WH-BLR-04,SAP_TM,2025-07-10 18:32:00,2026-08-05 02:59:59,BATCH_202507_RAW_INBOUND_SHIPMENTS
SHP-00000142,PO-00000146,TRK-93379775,Oceanic Freight,2025-07-14 08:00:00,2025-07-14 08:00:00,2025-07-23 08:00:00,WH-DEL-02,SAP_TM,2025-07-14 09:10:00,2026-08-05 02:59:59,BATCH_202507_RAW_INBOUND_SHIPMENTS
SHP-00000143,PO-00000147,TRK-68130678,Local-Post,2025-07-11 11:00:00,2025-07-11 11:00:00,2025-07-16 11:00:00,WH-BLR-04,SAP_TM,2025-07-11 13:50:00,2026-08-05 02:59:59,BATCH_202507_RAW_INBOUND_SHIPMENTS
SHP-00000144,PO-00000148,TRK-48377885,DHL Express,2025-07-13 09:00:00,2025-07-13 09:00:00,2025-07-15 09:00:00,WH-DEL-02,SAP_TM,2025-07-13 10:40:00,2026-08-05 02:59:59,BATCH_202507_RAW_INBOUND_SHIPMENTS
SHP-00000145,PO-00000149,TRK-47153636,Local-Post,2025-07-12 14:00:00,2025-07-12 14:00:00,2025-07-17 14:00:00,WH-DEL-02,SAP_TM,2025-07-12 16:48:00,2026-08-05 02:59:59,BATCH_202507_RAW_INBOUND_SHIPMENTS
SHP-00000146,PO-00000150,TRK-60555854,FedEx,2025-07-17 08:00:00,2025-07-17 08:00:00,2025-07-20 08:00:00,WH-BLR-04,SAP_TM,2025-07-17 08:34:00,2026-08-05 02:59:59,BATCH_202507_RAW_INBOUND_SHIPMENTS
SHP-00000147,PO-00000151,TRK-72791891,DHL Express,2025-07-11 15:00:00,2025-07-11 15:00:00,2025-07-13 15:00:00,WH-LKO-01,SAP_TM,2025-07-11 16:47:00,2026-08-05 02:59:59,BATCH_202507_RAW_INBOUND_SHIPMENTS
SHP-00000148,PO-00000152,TRK-50493462,Local-Post,2025-07-16 13:00:00,2025-07-16 13:00:00,2025-07-21 13:00:00,WH-LKO-01,SAP_TM,2025-07-20 14:29:00,2026-08-05 02:59:59,BATCH_202507_RAW_INBOUND_SHIPMENTS
SHP-00000149,PO-00000153,TRK-35059258,Oceanic Freight,2025-07-22 16:00:00,2025-07-22 16:00:00,2025-07-31 16:00:00,WH-BLR-04,SAP_TM,2025-07-22 16:31:00,2026-08-05 02:59:59,BATCH_202507_RAW_INBOUND_SHIPMENTS
SHP-00000150,PO-00000154,TRK-71924297,FedEx,2025-07-18 14:00:00,2025-07-18 14:00:00,07-21-2025,WH-BLR-04,SAP_TM,2025-07-18 16:02:00,2026-08-05 02:59:59,BATCH_202507_RAW_INBOUND_SHIPMENTS
SHP-00000151,PO-00000155,TRK-38808317,FedEx,07-20-2025,2025-07-20 10:00:00,2025-07-23 10:00:00,WH-BLR-04,SAP_TM,2025-07-20 12:33:00,2026-08-05 02:59:59,BATCH_202507_RAW_INBOUND_SHIPMENTS
SHP-00000152,PO-00000156,TRK-90281316,Oceanic Freight,2025-07-12 13:00:00,2025-07-12 13:00:00,2025-07-21 13:00:00,WH-DEL-02,SAP_TM,2025-07-12 15:04:00,2026-08-05 02:59:59,BATCH_202507_RAW_INBOUND_SHIPMENTS
SHP-00000153,PO-00000157,TRK-35407598,DHL Express,2025-07-26 13:00:00,2025-07-26 13:00:00,2025-07-28 13:00:00,WH-BLR-04,SAP_TM,2025-07-26 14:55:00,2026-08-05 02:59:59,BATCH_202507_RAW_INBOUND_SHIPMENTS
SHP-00000154,PO-00000158,TRK-38931794,DHL Express,2025-07-19 08:00:00,2025-07-19 08:00:00,2025-07-21 08:00:00,WH-MUM-03,SAP_TM,2025-07-19 09:39:00,2026-08-05 02:59:59,BATCH_202507_RAW_INBOUND_SHIPMENTS
SHP-00000155,PO-00000159,TRK-74869342,Oceanic Freight,2025-07-19 13:00:00,2025-07-19 13:00:00,2025-07-28 13:00:00,WH-MUM-03,SAP_TM,2025-07-19 14:20:00,2026-08-05 02:59:59,BATCH_202507_RAW_INBOUND_SHIPMENTS
SHP-00000156,PO-00000160,TRK-78926802,Local-Post,2025-07-17 10:00:00,2025-07-17 10:00:00,2025-07-22 10:00:00,WH-DEL-02,SAP_TM,2025-07-17 10:30:00,2026-08-05 02:59:59,BATCH_202507_RAW_INBOUND_SHIPMENTS
SHP-00000157,PO-00000161,TRK-38510649,Oceanic Freight,2025-07-28 11:00:00,2025-07-28 11:00:00,2025-08-06 11:00:00,WH-BLR-04,SAP_TM,2025-07-28 12:05:00,2026-08-05 02:59:59,BATCH_202507_RAW_INBOUND_SHIPMENTS
SHP-00000158,PO-00000162,TRK-66196674, Local-Post ,2025-07-26 11:00:00,2025-07-26 11:00:00,2025-07-31 11:00:00,WH-MUM-03,SAP_TM,2025-07-26 12:11:00,2026-08-05 02:59:59,BATCH_202507_RAW_INBOUND_SHIPMENTS
N/A,PO-00000163,TRK-94975647,FedEx,2025-07-25 14:00:00,2025-07-25 14:00:00,2025-07-28 14:00:00,WH-DEL-02,SAP_TM,2025-07-25 16:24:00,2026-08-05 02:59:59,BATCH_202507_RAW_INBOUND_SHIPMENTS
SHP-00000160,PO-00000164,TRK-33245404,DHL Express,2025-07-21 14:00:00,2025-07-21 14:00:00,2025-07-23 14:00:00,WH-BLR-04,SAP_TM,2025-07-21 14:16:00,2026-08-05 02:59:59,BATCH_202507_RAW_INBOUND_SHIPMENTS
SHP-00000161,PO-00000165,trk-14583801,Local-Post,2025-07-28 14:00:00,2025-07-28 14:00:00,2025-08-02 14:00:00,WH-LKO-01,SAP_TM,2025-07-28 16:57:00,2026-08-05 02:59:59,BATCH_202507_RAW_INBOUND_SHIPMENTS
SHP-00000162,PO-00000166,TRK-39111337,FedEx,2025-08-01 08:00:00,2025-08-01 08:00:00,2025-08-04 08:00:00,WH-BLR-04,SAP_TM,2025-08-01 09:19:00,2026-08-05 02:59:59,BATCH_202508_RAW_INBOUND_SHIPMENTS
SHP-00000163,PO-00000167,TRK-71990648,FedEx,2025-07-21 12:00:00,2025-07-21 12:00:00,2025-07-24 12:00:00,WH-MUM-03,SAP_TM,2025-07-21 12:12:00,2026-08-05 02:59:59,BATCH_202507_RAW_INBOUND_SHIPMENTS
SHP-00000164,PO-00000168,TRK-15968288,FedEx,2025-07-26 16:00:00,2025-07-26 16:00:00,2025-07-29 16:00:00,WH-MUM-03,SAP_TM,2025-07-26 17:44:00,2026-08-05 02:59:59,BATCH_202507_RAW_INBOUND_SHIPMENTS
SHP-00000165,PO-00000169,TRK-81311148,FedEx,2025-07-24 11:00:00,2025-07-24 11:00:00,2025-07-27 11:00:00,WH-DEL-02,SAP_TM,2025-07-24 12:29:00,2026-08-05 02:59:59,BATCH_202507_RAW_INBOUND_SHIPMENTS
SHP-00000166,PO-00000170,TRK-48010967,FedEx,2025-07-25 13:00:00,2025-07-25 13:00:00,2025-07-28 13:00:00,WH-BLR-04,SAP_TM,2025-07-25 16:00:00,2026-08-05 02:59:59,BATCH_202507_RAW_INBOUND_SHIPMENTS
SHP-00000167,PO-00000171,TRK-85193515,FedEx,2025-07-27 09:00:00,27/07/2025,2025-07-30 09:00:00,WH-DEL-02,SAP_TM,2025-07-29 09:38:00,2026-08-05 02:59:59,BATCH_202507_RAW_INBOUND_SHIPMENTS
SHP-00000168,PO-00000172,TRK-99202611,FedEx,2025-07-23 10:00:00,2025-07-23T10:00:00+05:30,2025-07-26 10:00:00,WH-LKO-01,SAP_TM,2025-07-23 11:48:00,2026-08-05 02:59:59,BATCH_202507_RAW_INBOUND_SHIPMENTS
SHP-00000169,PO-00000173,TRK-99433167,FedEx,31/07/2025,2025-07-31 11:00:00,2025-08-03 11:00:00,WH-LKO-01,SAP_TM,2025-07-31 12:45:00,2026-08-05 02:59:59,BATCH_202507_RAW_INBOUND_SHIPMENTS
SHP-00000170,PO-00000174,TRK-34887184,Local-Post,2025-07-22 13:00:00,2025-07-22 13:00:00,2025-07-27 13:00:00,WH-LKO-01,SAP_TM,2025-07-22 15:45:00,2026-08-05 02:59:59,BATCH_202507_RAW_INBOUND_SHIPMENTS
SHP-00000171,PO-00000175,trk-56507275,FedEx,2025-08-01 12:00:00,2025-08-01 12:00:00,2025-08-04 12:00:00,WH-DEL-02,SAP_TM,2025-08-01 14:47:00,2026-08-05 02:59:59,BATCH_202508_RAW_INBOUND_SHIPMENTS
SHP-00000172,PO-00000176,TRK-70262334,DHL Express,2025-08-03 15:00:00,2025-08-03 15:00:00,2025-08-05 15:00:00,WH-BLR-04,SAP_TM,2025-08-03 17:49:00,2026-08-05 02:59:59,BATCH_202508_RAW_INBOUND_SHIPMENTS
SHP-00000173,PO-00000177,TRK-97560008, FedEx ,2025-07-27 09:00:00,07-27-2025,2025-07-30 09:00:00,WH-MUM-03,SAP_TM,2025-07-27 09:08:00,2026-08-05 02:59:59,BATCH_202507_RAW_INBOUND_SHIPMENTS
SHP-00000174,PO-00000178,TRK-62230505,Oceanic Freight,2025-08-03 11:00:00,2025-08-03 11:00:00,2025-08-12 11:00:00,WH-MUM-03,SAP_TM,2025-08-03 12:13:00,2026-08-05 02:59:59,BATCH_202508_RAW_INBOUND_SHIPMENTS
SHP-00000175,PO-00000179,TRK-88723013,FedEx,2025-07-31 08:00:00,2025-07-31 08:00:00,2025-08-03 08:00:00,WH-MUM-03,SAP_TM,2025-07-31 10:19:00,2026-08-05 02:59:59,BATCH_202507_RAW_INBOUND_SHIPMENTS
SHP-00000176,PO-00000180,TRK-65876818,Local-Post,2025-07-30T10:00:00Z,2025-07-30 10:00:00,2025-08-04 10:00:00,WH-BLR-04,SAP_TM,2025-07-30 10:24:00,2026-08-05 02:59:59,BATCH_202507_RAW_INBOUND_SHIPMENTS
SHP-00000177,PO-00000181,TRK-65404286,FedEx,2025-08-04 10:00:00,2025-08-04 10:00:00,2025-08-07 10:00:00,WH-BLR-04,SAP_TM,2025-08-04 10:27:00,2026-08-05 02:59:59,BATCH_202508_RAW_INBOUND_SHIPMENTS
SHP-00000178,PO-00000182,TRK-56812504,Local-Post,30/07/2025,2025-07-30 10:00:00,2025-08-04 10:00:00,WH-BLR-04,SAP_TM,2025-07-30 11:59:00,2026-08-05 02:59:59,BATCH_202507_RAW_INBOUND_SHIPMENTS
SHP-00000179,PO-00000183,TRK-40093129,Oceanic Freight,2025-08-07 12:00:00,2025-08-07 12:00:00,2025-08-16 12:00:00,WH-MUM-03,SAP_TM,2025-08-07 13:38:00,2026-08-05 02:59:59,BATCH_202508_RAW_INBOUND_SHIPMENTS
SHP-00000180,PO-00000184,TRK-26978093,Local-Post,2025-07-31 11:00:00,2025-07-31 11:00:00,2025-08-05 11:00:00,WH-BLR-04,SAP_TM,2025-07-31 12:11:00,2026-08-05 02:59:59,BATCH_202507_RAW_INBOUND_SHIPMENTS
SHP-00000181,PO-00000185,TRK-81857784,DHL Express,2025-07-31 16:00:00,2025-07-31 16:00:00,2025-08-02 16:00:00,WH-MUM-03,SAP_TM,2025-07-31 17:36:00,2026-08-05 02:59:59,BATCH_202507_RAW_INBOUND_SHIPMENTS
SHP-00000182,PO-00000186,N/A,DHL Express,08-06-2025,2025-08-06 10:00:00,2025-08-08 10:00:00,WH-LKO-01,SAP_TM,2025-08-06 11:40:00,2026-08-05 02:59:59,BATCH_202508_RAW_INBOUND_SHIPMENTS
SHP-00000183,PO-00000187,TRK-32291035,Oceanic Freight,2025-08-03 10:00:00,2025-08-03T10:00:00Z,2025-08-12 10:00:00,WH-MUM-03,SAP_TM,2025-08-03 11:03:00,2026-08-05 02:59:59,BATCH_202508_RAW_INBOUND_SHIPMENTS
SHP-00000184,PO-00000188,TRK-52043113,Oceanic Freight,2025-08-01 15:00:00,2025-08-01 15:00:00,2025-08-10 15:00:00,WH-BLR-04,SAP_TM,2025-08-01 16:44:00,2026-08-05 02:59:59,BATCH_202508_RAW_INBOUND_SHIPMENTS
SHP-00000185,PO-00000189,TRK-36362322,Local-Post,2025-08-02 11:00:00,2025-08-02 11:00:00,2025-08-07 11:00:00,WH-BLR-04,SAP_TM,2025-08-02 13:15:00,2026-08-05 02:59:59,BATCH_202508_RAW_INBOUND_SHIPMENTS
SHP-00000186,PO-00000190,TRK-15976839,Local-Post,2025-08-02 15:00:00,2025-08-02 15:00:00,2025-08-07 15:00:00,WH-MUM-03,SAP_TM,2025-08-02 15:12:00,2026-08-05 02:59:59,BATCH_202508_RAW_INBOUND_SHIPMENTS
SHP-00000187,PO-00000191,TRK-83648773,FedEx,2025-08-04 11:00:00,2025-08-04 11:00:00,2025-08-07 11:00:00,WH-BLR-04,SAP_TM,2025-08-04 13:00:00,2026-08-05 02:59:59,BATCH_202508_RAW_INBOUND_SHIPMENTS
SHP-00000188,PO-00000192, TRK-99314479 ,Oceanic Freight,08-07-2025,2025-08-07 14:00:00,2025-08-16 14:00:00,WH-DEL-02,SAP_TM,2025-08-07 15:05:00,2026-08-05 02:59:59,BATCH_202508_RAW_INBOUND_SHIPMENTS
SHP-00000189,PO-00000193,TRK-47043897,DHL Express,2025-08-08 15:00:00,2025-08-08 15:00:00,2025-08-10 15:00:00,WH-LKO-01,SAP_TM,2025-08-08 16:35:00,2026-08-05 02:59:59,BATCH_202508_RAW_INBOUND_SHIPMENTS
SHP-00000190,PO-00000194,TRK-55436661,FedEx,2025-08-03 12:00:00,2025-08-03 12:00:00,2025-08-06 12:00:00,WH-LKO-01,SAP_TM,2025-08-03 14:22:00,2026-08-05 02:59:59,BATCH_202508_RAW_INBOUND_SHIPMENTS
SHP-00000191,PO-00000195,TRK-96480362,Local-Post,2025-08-11 10:00:00,2025-08-11 10:00:00,2025-08-16 10:00:00,WH-DEL-02,SAP_TM,2025-08-11 10:14:00,2026-08-05 02:59:59,BATCH_202508_RAW_INBOUND_SHIPMENTS
SHP-00000192,PO-00000197,TRK-71001851,DHL Express,2025-08-07 12:00:00,2025-08-07 12:00:00,2025-08-09 12:00:00,WH-MUM-03,SAP_TM,2025-08-07 12:16:00,2026-08-05 02:59:59,BATCH_202508_RAW_INBOUND_SHIPMENTS
SHP-00000193,PO-00000198,TRK-29393784,DHL Express,2025-08-14 10:00:00,2025-08-14 10:00:00,2025-08-16 10:00:00,WH-DEL-02,SAP_TM,2025-08-14 11:32:00,2026-08-05 02:59:59,BATCH_202508_RAW_INBOUND_SHIPMENTS
SHP-00000194,PO-00000199,TRK-55160367,Local-Post,2025-08-06 12:00:00,2025-08-06 12:00:00,2025-08-11 12:00:00,WH-DEL-02,SAP_TM,2025-08-06 12:02:00,2026-08-05 02:59:59,BATCH_202508_RAW_INBOUND_SHIPMENTS
SHP-00000195,PO-00000200,TRK-44877762,FedEx,2025-08-17 08:00:00,2025-08-17 08:00:00,2025-08-20 08:00:00,WH-BLR-04,SAP_TM,2025-08-17 08:10:00,2026-08-05 02:59:59,BATCH_202508_RAW_INBOUND_SHIPMENTS
SHP-00000196,PO-00000201,TRK-70694463,DHL Express,2025-08-14 12:00:00,2025-08-14 12:00:00,2025-08-16 12:00:00,WH-BLR-04,SAP_TM,2025-08-14 14:00:00,2026-08-05 02:59:59,BATCH_202508_RAW_INBOUND_SHIPMENTS
SHP-00000197,PO-00000202,TRK-29562406,Oceanic Freight,2025-08-09 15:00:00,2025-08-09 15:00:00,2025-08-18 15:00:00,WH-BLR-04,SAP_TM,2025-08-09 17:07:00,2026-08-05 02:59:59,BATCH_202508_RAW_INBOUND_SHIPMENTS
SHP-00000198,PO-00000204,TRK-51245107,Oceanic Freight,2025-08-15 12:00:00,2025-08-15 12:00:00,2025-08-24 12:00:00,WH-DEL-02,SAP_TM,2025-08-15 12:19:00,2026-08-05 02:59:59,BATCH_202508_RAW_INBOUND_SHIPMENTS
SHP-00000199,PO-00000205,TRK-58590659,Oceanic Freight,2025-08-15 14:00:00,2025-08-15 14:00:00,2025-08-24 14:00:00,WH-BLR-04,SAP_TM,2025-08-15 15:31:00,2026-08-05 02:59:59,BATCH_202508_RAW_INBOUND_SHIPMENTS
SHP-00000200,PO-00000206,TRK-78401609,DHL Express,2025-08-12 09:00:00,2025-08-12 09:00:00,2025-08-14 09:00:00,WH-DEL-02,SAP_TM,2025-08-12 11:57:00,2026-08-05 02:59:59,BATCH_202508_RAW_INBOUND_SHIPMENTS
SHP-00000201,PO-00000207,TRK-21250237,FedEx,2025-08-18 14:00:00,2025-08-18 14:00:00,2025-08-21 14:00:00,WH-MUM-03,SAP_TM,2025-08-18 15:19:00,2026-08-05 02:59:59,BATCH_202508_RAW_INBOUND_SHIPMENTS
SHP-00000202,PO-00000208,TRK-52718052,Local-Post,2025-08-09 16:00:00,2025-08-09 16:00:00,2025-08-14 16:00:00,WH-BLR-04,SAP_TM,2025-08-09 18:40:00,2026-08-05 02:59:59,BATCH_202508_RAW_INBOUND_SHIPMENTS
SHP-00000203,PO-00000209,TRK-80510367,DHL Express,2025-08-10 15:00:00,2025-08-10 15:00:00,2025-08-12 15:00:00,WH-MUM-03,SAP_TM,2025-08-10 15:46:00,2026-08-05 02:59:59,BATCH_202508_RAW_INBOUND_SHIPMENTS
SHP-00000204,PO-00000210,TRK-40865939,FedEx,2025-08-16 16:00:00,2025-08-16 16:00:00,2025-08-19 16:00:00,WH-LKO-01,SAP_TM,2025-08-16 17:55:00,2026-08-05 02:59:59,BATCH_202508_RAW_INBOUND_SHIPMENTS
SHP-00000205,PO-00000211,TRK-89439207,Local-Post,2025-08-20 09:00:00,2025-08-20 09:00:00,2025-08-25 09:00:00,WH-BLR-04,SAP_TM,2025-08-20 10:09:00,2026-08-05 02:59:59,BATCH_202508_RAW_INBOUND_SHIPMENTS
SHP-00000206,PO-00000212,TRK-61728636,DHL Express,2025-08-16 12:00:00,2025-08-16 12:00:00,2025-08-18 12:00:00,WH-MUM-03,SAP_TM,2025-08-18 14:36:00,2026-08-05 02:59:59,BATCH_202508_RAW_INBOUND_SHIPMENTS
SHP-00000207,PO-00000213,TRK-90806088,Oceanic Freight,2025-08-13 11:00:00,2025-08-13 11:00:00,2025-08-22 11:00:00,WH-MUM-03,SAP_TM,2025-08-13 11:52:00,2026-08-05 02:59:59,BATCH_202508_RAW_INBOUND_SHIPMENTS
SHP-00000208,PO-00000214,TRK-57023681,FedEx,2025-08-17 14:00:00,2025-08-17 14:00:00,2025-08-20 14:00:00,WH-DEL-02,SAP_TM,2025-08-17 14:27:00,2026-08-05 02:59:59,BATCH_202508_RAW_INBOUND_SHIPMENTS
SHP-00000209,PO-00000215,TRK-17896019,Local-Post,2025-08-22 14:00:00,2025-08-22 14:00:00,2025-08-27 14:00:00,WH-MUM-03,SAP_TM,2025-08-22 14:47:00,2026-08-05 02:59:59,BATCH_202508_RAW_INBOUND_SHIPMENTS
SHP-00000210,PO-00000216,TRK-42803866,Oceanic Freight,2025-08-15 09:00:00,2025-08-15 09:00:00,2025-08-24 09:00:00,WH-BLR-04,SAP_TM,2025-08-15 11:10:00,2026-08-05 02:59:59,BATCH_202508_RAW_INBOUND_SHIPMENTS
SHP-00000211,PO-00000217,TRK-29136406,FedEx,2025-08-18 13:00:00,2025-08-18 13:00:00,2025-08-21 13:00:00,WH-LKO-01,SAP_TM,2025-08-18 15:51:00,2026-08-05 02:59:59,BATCH_202508_RAW_INBOUND_SHIPMENTS
SHP-00000212,PO-00000218,TRK-59603698,FedEx,2025-08-19 08:00:00,2025-08-19 08:00:00,2025-08-22 08:00:00,WH-MUM-03,SAP_TM,2025-08-19 09:40:00,2026-08-05 02:59:59,BATCH_202508_RAW_INBOUND_SHIPMENTS
SHP-00000213,PO-00000219,TRK-60653034,FedEx,2025-08-26 09:00:00,2025-08-26 09:00:00,2025-08-29 09:00:00,WH-DEL-02,SAP_TM,2025-08-26 10:49:00,2026-08-05 02:59:59,BATCH_202508_RAW_INBOUND_SHIPMENTS
SHP-00000214,PO-00000220,TRK-65194364,DHL Express,2025-08-12 15:00:00,2025-08-12 15:00:00,2025-08-14 15:00:00,WH-MUM-03,SAP_TM,2025-08-12 16:24:00,2026-08-05 02:59:59,BATCH_202508_RAW_INBOUND_SHIPMENTS
SHP-00000215,PO-00000221,TRK-88838574,DHL Express,2025-08-13 10:00:00,2025-08-13 10:00:00,2025-08-15 10:00:00,WH-LKO-01,SAP_TM,2025-08-13 12:12:00,2026-08-05 02:59:59,BATCH_202508_RAW_INBOUND_SHIPMENTS
SHP-00000216,PO-00000222,TRK-56058140,DHL Express,2025-08-27 16:00:00,2025-08-27 16:00:00,2025-08-29 16:00:00,WH-LKO-01,SAP_TM,2025-08-27 16:28:00,2026-08-05 02:59:59,BATCH_202508_RAW_INBOUND_SHIPMENTS
SHP-00000217,PO-00000223,TRK-99157785,DHL Express,2025-08-16 15:00:00,2025-08-16 15:00:00,2025-08-18 15:00:00,WH-MUM-03,SAP_TM,2025-08-16 15:09:00,2026-08-05 02:59:59,BATCH_202508_RAW_INBOUND_SHIPMENTS
SHP-00000218,PO-00000224,TRK-24905753,Local-Post,2025-08-19 11:00:00,2025-08-19 11:00:00,2025-08-24 11:00:00,WH-BLR-04,SAP_TM,2025-08-19 13:14:00,2026-08-05 02:59:59,BATCH_202508_RAW_INBOUND_SHIPMENTS
SHP-00000219,PO-00000225,TRK-14044918,Oceanic Freight,2025-08-17 14:00:00,2025-08-17 14:00:00,2025-08-26 14:00:00,WH-BLR-04,SAP_TM,2025-08-17 15:15:00,2026-08-05 02:59:59,BATCH_202508_RAW_INBOUND_SHIPMENTS
SHP-00000220,PO-00000226,TRK-46185226,Local-Post,2025-08-16 09:00:00,2025-08-16 09:00:00,2025-08-21 09:00:00,WH-BLR-04,SAP_TM,2025-08-16 11:28:00,2026-08-05 02:59:59,BATCH_202508_RAW_INBOUND_SHIPMENTS
SHP-00000221,PO-00000228,TRK-80594251,Oceanic Freight,2025-08-20 12:00:00,2025-08-20 12:00:00,2025-08-29 12:00:00,WH-LKO-01,SAP_TM,2025-08-20 13:48:00,2026-08-05 02:59:59,BATCH_202508_RAW_INBOUND_SHIPMENTS
SHP-00000222,PO-00000229,TRK-61532287,DHL Express,2025-08-24 10:00:00,2025-08-24 10:00:00,2025-08-26 10:00:00,WH-MUM-03,SAP_TM,2025-08-27 12:36:00,2026-08-05 02:59:59,BATCH_202508_RAW_INBOUND_SHIPMENTS
SHP-00000223,PO-00000230,TRK-40963372,DHL Express,2025-08-16 14:00:00,2025-08-16 14:00:00,2025-08-18 14:00:00,WH-LKO-01,SAP_TM,2025-08-16 14:37:00,2026-08-05 02:59:59,BATCH_202508_RAW_INBOUND_SHIPMENTS
SHP-00000224,PO-00000231,TRK-16245468,DHL Express,2025-08-19 08:00:00,2025-08-19 08:00:00,2025-08-21 08:00:00,WH-MUM-03,SAP_TM,2025-08-19 10:30:00,2026-08-05 02:59:59,BATCH_202508_RAW_INBOUND_SHIPMENTS
SHP-00000225,PO-00000232,TRK-15725523,Oceanic Freight,2025-08-18 13:00:00,2025-08-18 13:00:00,2025-08-27 13:00:00,WH-BLR-04,SAP_TM,2025-08-18 13:38:00,2026-08-05 02:59:59,BATCH_202508_RAW_INBOUND_SHIPMENTS
SHP-00000226,PO-00000233,TRK-85974474,Local-Post,2025-09-01 16:00:00,2025-09-01 16:00:00,2025-09-06 16:00:00,WH-MUM-03,SAP_TM,2025-09-01 18:02:00,2026-08-05 02:59:59,BATCH_202509_RAW_INBOUND_SHIPMENTS
SHP-00000227,PO-00000234,TRK-50070336,Local-Post,2025-08-16 12:00:00,2025-08-16 12:00:00,2025-08-21 12:00:00,WH-DEL-02,SAP_TM,2025-08-16 14:36:00,2026-08-05 02:59:59,BATCH_202508_RAW_INBOUND_SHIPMENTS
SHP-00000228,PO-00000235,TRK-71745677,Local-Post,2025-08-22 12:00:00,2025-08-22 12:00:00,2025-08-27 12:00:00,WH-MUM-03,SAP_TM,2025-08-22 12:59:00,2026-08-05 02:59:59,BATCH_202508_RAW_INBOUND_SHIPMENTS
SHP-00000229,PO-00000236,TRK-97274179,Local-Post,2025-08-31 10:00:00,2025-08-31 10:00:00,2025-09-05 10:00:00,WH-MUM-03,SAP_TM,2025-08-31 10:01:00,2026-08-05 02:59:59,BATCH_202508_RAW_INBOUND_SHIPMENTS
SHP-00000230,PO-00000237,TRK-47822750,Local-Post,2025-08-21 16:00:00,2025-08-21 16:00:00,2025-08-26 16:00:00,WH-MUM-03,SAP_TM,2025-08-21 18:00:00,2026-08-05 02:59:59,BATCH_202508_RAW_INBOUND_SHIPMENTS
SHP-00000231,PO-00000238,TRK-59227765,DHL Express,2025-08-25 10:00:00,2025-08-25 10:00:00,2025-08-27 10:00:00,WH-MUM-03,SAP_TM,2025-08-25 10:42:00,2026-08-05 02:59:59,BATCH_202508_RAW_INBOUND_SHIPMENTS
SHP-00000232,PO-00000239,TRK-11507048,Local-Post,2025-08-23 13:00:00,2025-08-23 13:00:00,2025-08-28 13:00:00,WH-BLR-04,SAP_TM,2025-08-23 14:58:00,2026-08-05 02:59:59,BATCH_202508_RAW_INBOUND_SHIPMENTS
SHP-00000233,PO-00000240,TRK-56946613,Oceanic Freight,2025-08-28 09:00:00,2025-08-28 09:00:00,2025-09-06 09:00:00,WH-LKO-01,SAP_TM,2025-08-28 10:07:00,2026-08-05 02:59:59,BATCH_202508_RAW_INBOUND_SHIPMENTS
SHP-00000234,PO-00000241,TRK-38135307,FedEx,2025-08-30 10:00:00,2025-08-30 10:00:00,2025-09-02 10:00:00,WH-BLR-04,SAP_TM,2025-08-30 12:13:00,2026-08-05 02:59:59,BATCH_202508_RAW_INBOUND_SHIPMENTS
SHP-00000235,PO-00000242,TRK-85613951,Oceanic Freight,2025-08-27 08:00:00,2025-08-27 08:00:00,2025-09-05 08:00:00,WH-LKO-01,SAP_TM,2025-08-27 08:56:00,2026-08-05 02:59:59,BATCH_202508_RAW_INBOUND_SHIPMENTS
SHP-00000236,PO-00000244,TRK-32276297,Oceanic Freight,2025-08-24 08:00:00,2025-08-24 08:00:00,2025-09-02 08:00:00,WH-BLR-04,SAP_TM,2025-08-24 09:11:00,2026-08-05 02:59:59,BATCH_202508_RAW_INBOUND_SHIPMENTS
SHP-00000237,PO-00000245,TRK-48242903,Local-Post,2025-08-28 12:00:00,2025-08-28 12:00:00,2025-09-02 12:00:00,WH-BLR-04,SAP_TM,2025-08-28 14:58:00,2026-08-05 02:59:59,BATCH_202508_RAW_INBOUND_SHIPMENTS
SHP-00000238,PO-00000246,TRK-81617235,Local-Post,2025-08-24 10:00:00,2025-08-24 10:00:00,2025-08-29 10:00:00,WH-LKO-01,SAP_TM,2025-08-24 11:31:00,2026-08-05 02:59:59,BATCH_202508_RAW_INBOUND_SHIPMENTS
SHP-00000239,PO-00000247,TRK-98104552,Oceanic Freight,2025-08-31 14:00:00,2025-08-31 14:00:00,2025-09-09 14:00:00,WH-LKO-01,SAP_TM,2025-08-31 16:04:00,2026-08-05 02:59:59,BATCH_202508_RAW_INBOUND_SHIPMENTS
SHP-00000240,PO-00000248,TRK-52611167,DHL Express,2025-08-27 09:00:00,2025-08-27 09:00:00,2025-08-29 09:00:00,WH-MUM-03,SAP_TM,2025-08-27 10:55:00,2026-08-05 02:59:59,BATCH_202508_RAW_INBOUND_SHIPMENTS
SHP-00000241,PO-00000249,TRK-73305235,Local-Post,2025-08-30 08:00:00,2025-08-30 08:00:00,2025-09-04 08:00:00,WH-LKO-01,SAP_TM,2025-08-30 10:00:00,2026-08-05 02:59:59,BATCH_202508_RAW_INBOUND_SHIPMENTS
SHP-00000242,PO-00000250,TRK-69435161,Local-Post,2025-09-05 16:00:00,2025-09-05 16:00:00,2025-09-10 16:00:00,WH-BLR-04,SAP_TM,2025-09-05 18:23:00,2026-08-05 02:59:59,BATCH_202509_RAW_INBOUND_SHIPMENTS
SHP-00000243,PO-00000251,TRK-17908236,DHL Express,2025-08-26 12:00:00,2025-08-26 12:00:00,2025-08-28 12:00:00,WH-MUM-03,SAP_TM,2025-08-26 14:10:00,2026-08-05 02:59:59,BATCH_202508_RAW_INBOUND_SHIPMENTS
SHP-00000244,PO-00000252,TRK-34487101,Local-Post,2025-08-29 15:00:00,2025-08-29 15:00:00,2025-09-03 15:00:00,WH-BLR-04,SAP_TM,2025-08-29 17:10:00,2026-08-05 02:59:59,BATCH_202508_RAW_INBOUND_SHIPMENTS
SHP-00000245,PO-00000253,TRK-51472933,DHL Express,2025-08-27 12:00:00,2025-08-27 12:00:00,2025-08-29 12:00:00,WH-LKO-01,SAP_TM,2025-08-27 12:03:00,2026-08-05 02:59:59,BATCH_202508_RAW_INBOUND_SHIPMENTS
SHP-00000246,PO-00000254,TRK-58205425,Local-Post,2025-09-01 11:00:00,2025-09-01 11:00:00,2025-09-06 11:00:00,WH-LKO-01,SAP_TM,2025-09-01 11:18:00,2026-08-05 02:59:59,BATCH_202509_RAW_INBOUND_SHIPMENTS
SHP-00000247,PO-00000255,TRK-14817330,Oceanic Freight,2025-09-02 11:00:00,2025-09-02 11:00:00,2025-09-11 11:00:00,WH-DEL-02,SAP_TM,2025-09-02 11:58:00,2026-08-05 02:59:59,BATCH_202509_RAW_INBOUND_SHIPMENTS
SHP-00000248,PO-00000256,TRK-59984471,DHL Express,2025-09-06 15:00:00,2025-09-06T15:00:00Z,2025-09-08 15:00:00,WH-DEL-02,SAP_TM,2025-09-06 16:25:00,2026-08-05 02:59:59,BATCH_202509_RAW_INBOUND_SHIPMENTS
SHP-00000249,PO-00000257,TRK-10981191,Local-Post,2025-09-02 16:00:00,2025-09-02 16:00:00,2025-09-07 16:00:00,WH-MUM-03,SAP_TM,2025-09-02 18:36:00,2026-08-05 02:59:59,BATCH_202509_RAW_INBOUND_SHIPMENTS
SHP-00000250,PO-00000258,TRK-57303511,Local-Post,2025-09-04 10:00:00,2025-09-04 10:00:00,2025-09-09 10:00:00,WH-BLR-04,SAP_TM,2025-09-04 11:27:00,2026-08-05 02:59:59,BATCH_202509_RAW_INBOUND_SHIPMENTS
SHP-00000251,PO-00000259,TRK-75403216,DHL Express,2025-09-05 12:00:00,2025-09-05T12:00:00+05:30,2025-09-07 12:00:00,WH-LKO-01,SAP_TM,2025-09-05 13:03:00,2026-08-05 02:59:59,BATCH_202509_RAW_INBOUND_SHIPMENTS
SHP-00000252,PO-00000260,TRK-60727635,DHL Express,2025-09-05 14:00:00,2025-09-05 14:00:00,2025-09-07 14:00:00,WH-DEL-02,SAP_TM,2025-09-05 15:43:00,2026-08-05 02:59:59,BATCH_202509_RAW_INBOUND_SHIPMENTS
SHP-00000253,PO-00000261,TRK-55094970,FedEx,2025-08-30 11:00:00,2025-08-30 11:00:00,2025-09-02 11:00:00,WH-MUM-03,SAP_TM,2025-08-30 11:52:00,2026-08-05 02:59:59,BATCH_202508_RAW_INBOUND_SHIPMENTS
SHP-00000254,PO-00000262,TRK-39807069,FedEx,2025-09-04 09:00:00,2025-09-04 09:00:00,2025-09-07 09:00:00,WH-LKO-01,SAP_TM,2025-09-04 10:46:00,2026-08-05 02:59:59,BATCH_202509_RAW_INBOUND_SHIPMENTS
SHP-00000255,PO-00000263,TRK-94123427,Local-Post,2025-09-05 11:00:00,05/09/2025,2025-09-10 11:00:00,WH-LKO-01,SAP_TM,2025-09-05 11:43:00,2026-08-05 02:59:59,BATCH_202509_RAW_INBOUND_SHIPMENTS
SHP-00000256,PO-00000264,TRK-22854050,Oceanic Freight,2025-09-04 15:00:00,2025-09-04 15:00:00,2025-09-13 15:00:00,WH-BLR-04,SAP_TM,2025-09-04 17:05:00,2026-08-05 02:59:59,BATCH_202509_RAW_INBOUND_SHIPMENTS
SHP-00000257,PO-00000265,TRK-74742547,DHL Express,2025-09-04 08:00:00,2025-09-04 08:00:00,2025-09-06 08:00:00,WH-BLR-04,SAP_TM,2025-09-04 08:16:00,2026-08-05 02:59:59,BATCH_202509_RAW_INBOUND_SHIPMENTS
SHP-00000258,PO-00000266,TRK-57943881,FedEx,2025-09-02 11:00:00,2025-09-02 11:00:00,2025-09-05 11:00:00,WH-BLR-04,SAP_TM,2025-09-02 11:52:00,2026-08-05 02:59:59,BATCH_202509_RAW_INBOUND_SHIPMENTS
SHP-00000259,PO-00000267,TRK-86340899,Local-Post,2025-09-04 16:00:00,2025-09-04 16:00:00,2025-09-09 16:00:00,WH-LKO-01,SAP_TM,2025-09-04 18:40:00,2026-08-05 02:59:59,BATCH_202509_RAW_INBOUND_SHIPMENTS
SHP-00000260,PO-00000268,TRK-86326900,Oceanic Freight,2025-09-05 08:00:00,45905,2025-09-14 08:00:00,WH-MUM-03,SAP_TM,2025-09-05 10:56:00,2026-08-05 02:59:59,BATCH_202509_RAW_INBOUND_SHIPMENTS
SHP-00000261,PO-00000269,TRK-70975314,FedEx,2025-09-08 11:00:00,2025-09-08T11:00:00Z,2025-09-11 11:00:00,WH-MUM-03,SAP_TM,2025-09-08 11:46:00,2026-08-05 02:59:59,BATCH_202509_RAW_INBOUND_SHIPMENTS
SHP-00000262,PO-00000270,TRK-11856593,Oceanic Freight,2025-09-06 08:00:00,2025-09-06 08:00:00,2025-09-15 08:00:00,WH-BLR-04,SAP_TM,2025-09-06 09:01:00,2026-08-05 02:59:59,BATCH_202509_RAW_INBOUND_SHIPMENTS
SHP-00000263,PO-00000271,TRK-22567027,Oceanic Freight,2025-09-02 11:00:00,2025-09-02 11:00:00,2025-09-11 11:00:00,WH-LKO-01,SAP_TM,2025-09-02 11:06:00,2026-08-05 02:59:59,BATCH_202509_RAW_INBOUND_SHIPMENTS
SHP-00000264,PO-00000272,TRK-22196678,Oceanic Freight,2025-09-06 10:00:00,2025-09-06 10:00:00,2025-09-15 10:00:00,WH-LKO-01,SAP_TM,2025-09-06 11:05:00,2026-08-05 02:59:59,BATCH_202509_RAW_INBOUND_SHIPMENTS
SHP-00000265,PO-00000273,TRK-37564580,FedEx,2025-09-09 09:00:00,2025-09-09 09:00:00,2025-09-12 09:00:00,WH-MUM-03,SAP_TM,2025-09-09 09:19:00,2026-08-05 02:59:59,BATCH_202509_RAW_INBOUND_SHIPMENTS
SHP-00000266,PO-00000274,TRK-72636486,Local-Post,45907,2025-09-07 16:00:00,2025-09-12 16:00:00,WH-MUM-03,SAP_TM,2025-09-07 19:00:00,2026-08-05 02:59:59,BATCH_202509_RAW_INBOUND_SHIPMENTS
SHP-00000267,PO-00000275,TRK-88086227,Local-Post,2025-09-06 16:00:00,2025-09-06 16:00:00,2025-09-11 16:00:00,WH-MUM-03,SAP_TM,2025-09-06 16:15:00,2026-08-05 02:59:59,BATCH_202509_RAW_INBOUND_SHIPMENTS
SHP-00000268,PO-00000276,TRK-37201143,Local-Post,2025-09-10 15:00:00,2025-09-10 15:00:00,2025-09-15 15:00:00,WH-BLR-04,SAP_TM,2025-09-10 17:32:00,2026-08-05 02:59:59,BATCH_202509_RAW_INBOUND_SHIPMENTS
SHP-00000269,PO-00000277,TRK-54259205,DHL Express,2025-09-02 09:00:00,2025-09-02 09:00:00,2025-09-04 09:00:00,WH-DEL-02,SAP_TM,2025-09-02 11:19:00,2026-08-05 02:59:59,BATCH_202509_RAW_INBOUND_SHIPMENTS
SHP-00000270,PO-00000278,TRK-19943835,FedEx,2025-09-01 12:00:00,2025-09-01 12:00:00,2025-09-04 12:00:00,WH-BLR-04,SAP_TM,2025-09-01 13:00:00,2026-08-05 02:59:59,BATCH_202509_RAW_INBOUND_SHIPMENTS
SHP-00000271,PO-00000279,TRK-54886150,Oceanic Freight,2025-09-02 13:00:00,2025-09-02 13:00:00,2025-09-11 13:00:00,WH-DEL-02,SAP_TM,2025-09-02 13:34:00,2026-08-05 02:59:59,BATCH_202509_RAW_INBOUND_SHIPMENTS
SHP-00000272,PO-00000280,TRK-86214545,Local-Post,2025-09-08 12:00:00,2025-09-08 12:00:00,2025-09-13 12:00:00,WH-LKO-01,SAP_TM,2025-09-08 14:57:00,2026-08-05 02:59:59,BATCH_202509_RAW_INBOUND_SHIPMENTS
SHP-00000273,PO-00000281,TRK-97689269,FedEx,09-11-2025,11/09/2025,14/09/2025,WH-MUM-03,SAP_TM,2025-09-11 09:46:00,2026-08-05 02:59:59,BATCH_202509_RAW_INBOUND_SHIPMENTS
SHP-00000274,PO-00000282,TRK-51571913,Oceanic Freight,2025-09-08 14:00:00,2025-09-08 14:00:00,2025-09-17 14:00:00,WH-BLR-04,SAP_TM,2025-09-08 15:34:00,2026-08-05 02:59:59,BATCH_202509_RAW_INBOUND_SHIPMENTS
SHP-00000275,PO-00000283,TRK-11436072,Oceanic Freight,2025-09-19 09:00:00,2025-09-19 09:00:00,2025-09-28 09:00:00,WH-BLR-04,SAP_TM,2025-09-19 10:52:00,2026-08-05 02:59:59,BATCH_202509_RAW_INBOUND_SHIPMENTS
SHP-00000276,PO-00000284,TRK-74827477,FedEx,2025-09-05 15:00:00,2025-09-05 15:00:00,2025-09-08 15:00:00,WH-BLR-04,SAP_TM,2025-09-05 16:16:00,2026-08-05 02:59:59,BATCH_202509_RAW_INBOUND_SHIPMENTS
SHP-00000277,PO-00000285,TRK-36286516,FedEx,2025-09-24 16:00:00,2025-09-24 16:00:00,2025-09-27 16:00:00,WH-MUM-03,SAP_TM,2025-09-24 17:27:00,2026-08-05 02:59:59,BATCH_202509_RAW_INBOUND_SHIPMENTS
SHP-00000278,PO-00000286,TRK-54224291,Local-Post,2025-09-13 13:00:00,2025-09-13 13:00:00,2025-09-18 13:00:00,WH-LKO-01,SAP_TM,2025-09-13 14:37:00,2026-08-05 02:59:59,BATCH_202509_RAW_INBOUND_SHIPMENTS
SHP-00000279,PO-00000287,TRK-36604808,Local-Post,2025-09-21 15:00:00,2025-09-21 15:00:00,2025-09-26 15:00:00,WH-LKO-01,SAP_TM,2025-09-21 16:09:00,2026-08-05 02:59:59,BATCH_202509_RAW_INBOUND_SHIPMENTS
SHP-00000280,PO-00000288,TRK-28261779,Local-Post,2025-09-10 08:00:00,2025-09-10 08:00:00,2025-09-15 08:00:00,WH-DEL-02,SAP_TM,2025-09-10 10:55:00,2026-08-05 02:59:59,BATCH_202509_RAW_INBOUND_SHIPMENTS
SHP-00000281,PO-00000289,TRK-68965449,Oceanic Freight,2025-09-13 13:00:00,2025-09-13 13:00:00,2025-09-22 13:00:00,WH-DEL-02,SAP_TM,2025-09-13 13:15:00,2026-08-05 02:59:59,BATCH_202509_RAW_INBOUND_SHIPMENTS
SHP-00000282,PO-00000290,TRK-71022865,FedEx,2025-09-21T10:00:00Z,2025-09-21 10:00:00,2025-09-24 10:00:00,WH-MUM-03,SAP_TM,2025-09-21 11:16:00,2026-08-05 02:59:59,BATCH_202509_RAW_INBOUND_SHIPMENTS
SHP-00000283,PO-00000291,TRK-36572643,DHL Express,2025-09-14 13:00:00,2025-09-14 13:00:00,1758007800,WH-MUM-03,SAP_TM,2025-09-14 13:45:00,2026-08-05 02:59:59,BATCH_202509_RAW_INBOUND_SHIPMENTS
SHP-00000284,PO-00000292,TRK-81296082,Oceanic Freight,2025-09-16 11:00:00,2025-09-16 11:00:00,2025-09-25 11:00:00,WH-BLR-04,SAP_TM,2025-09-16 13:34:00,2026-08-05 02:59:59,BATCH_202509_RAW_INBOUND_SHIPMENTS
SHP-00000285,PO-00000293,TRK-45834517,DHL Express,2025-09-11 09:00:00,2025-09-11 09:00:00,2025-09-13 09:00:00,WH-LKO-01,SAP_TM,2025-09-11 09:10:00,2026-08-05 02:59:59,BATCH_202509_RAW_INBOUND_SHIPMENTS
SHP-00000286,PO-00000294,TRK-25848380,FedEx,2025-09-15 12:00:00,2025-09-15 12:00:00,2025-09-18 12:00:00,WH-MUM-03,SAP_TM,2025-09-15 14:18:00,2026-08-05 02:59:59,BATCH_202509_RAW_INBOUND_SHIPMENTS
SHP-00000287,PO-00000295,TRK-44191906,DHL Express,2025-09-18 08:00:00,2025-09-18 08:00:00,2025-09-20 08:00:00,WH-LKO-01,SAP_TM,2025-09-18 08:25:00,2026-08-05 02:59:59,BATCH_202509_RAW_INBOUND_SHIPMENTS
SHP-00000288,PO-00000296,TRK-56927939,Local-Post,2025-09-24 16:00:00,2025-09-24 16:00:00,2025-09-29 16:00:00,WH-BLR-04,SAP_TM,2025-09-24 17:40:00,2026-08-05 02:59:59,BATCH_202509_RAW_INBOUND_SHIPMENTS
SHP-00000289,PO-00000297,TRK-61218679,Local-Post,2025-09-15 11:00:00,2025-09-15 11:00:00,2025-09-20 11:00:00,WH-BLR-04,SAP_TM,2025-09-15 12:13:00,2026-08-05 02:59:59,BATCH_202509_RAW_INBOUND_SHIPMENTS
SHP-00000290,PO-00000298,TRK-87291179,DHL Express,2025-09-28 13:00:00,2025-09-28 13:00:00,1759217400,WH-MUM-03,SAP_TM,2025-09-28 13:33:00,2026-08-05 02:59:59,BATCH_202509_RAW_INBOUND_SHIPMENTS
SHP-00000291,PO-00000299,trk-45477846,FedEx,2025-09-18 13:00:00,2025-09-18 13:00:00,2025-09-21 13:00:00,WH-DEL-02,SAP_TM,2025-09-18 14:32:00,2026-08-05 02:59:59,BATCH_202509_RAW_INBOUND_SHIPMENTS
SHP-00000292,PO-00000300,TRK-47881163,FedEx,2025-09-21 11:00:00,09-21-2025,2025-09-24 11:00:00,WH-BLR-04,SAP_TM,2025-09-21 12:20:00,2026-08-05 02:59:59,BATCH_202509_RAW_INBOUND_SHIPMENTS
SHP-00000293,PO-00000301,TRK-48567464,Oceanic Freight,09-23-2025,2025-09-23 08:00:00,2025-10-02 08:00:00,WH-LKO-01,SAP_TM,2025-09-23 10:20:00,2026-08-05 02:59:59,BATCH_202509_RAW_INBOUND_SHIPMENTS
SHP-00000294,PO-00000302,TRK-14585800,Local-Post,2025-09-18 11:00:00,2025-09-18 11:00:00,2025-09-23 11:00:00,WH-BLR-04,SAP_TM,2025-09-18 12:12:00,2026-08-05 02:59:59,BATCH_202509_RAW_INBOUND_SHIPMENTS
SHP-00000295,PO-00000303,TRK-16365694,DHL Express,2025-09-30 15:00:00,2025-09-30 15:00:00,2025-10-02 15:00:00,WH-BLR-04,SAP_TM,2025-09-30 15:59:00,2026-08-05 02:59:59,BATCH_202509_RAW_INBOUND_SHIPMENTS
SHP-00000296,PO-00000304,TRK-88047610,Local-Post,2025-09-22 14:00:00,2025-09-22 14:00:00,2025-09-27 14:00:00,WH-DEL-02,SAP_TM,2025-09-22 15:07:00,2026-08-05 02:59:59,BATCH_202509_RAW_INBOUND_SHIPMENTS
SHP-00000297,PO-00000305,TRK-39037760,DHL Express,2025-09-25 15:00:00,2025-09-25 15:00:00,2025-09-27 15:00:00,WH-LKO-01,SAP_TM,2025-09-25 16:05:00,2026-08-05 02:59:59,BATCH_202509_RAW_INBOUND_SHIPMENTS
SHP-00000298,PO-00000306,TRK-95951826,Local-Post,2025-09-27 08:00:00,2025-09-27T08:00:00Z,2025-10-02 08:00:00,WH-MUM-03,SAP_TM,2025-10-01 10:38:00,2026-08-05 02:59:59,BATCH_202509_RAW_INBOUND_SHIPMENTS
SHP-00000299,PO-00000307,TRK-19721084,Local-Post,2025-10-01 12:00:00,2025-10-01 12:00:00,2025-10-06 12:00:00,WH-LKO-01,SAP_TM,2025-10-01 12:56:00,2026-08-05 02:59:59,BATCH_202510_RAW_INBOUND_SHIPMENTS
SHP-00000300,PO-00000308,TRK-91609583,FedEx,2025-10-02 15:00:00,2025-10-02 15:00:00,2025-10-05 15:00:00,WH-MUM-03,SAP_TM,2025-10-02 16:28:00,2026-08-05 02:59:59,BATCH_202510_RAW_INBOUND_SHIPMENTS
SHP-00000301,PO-00000309,TRK-46595238,FedEx,2025-09-25 15:00:00,2025-09-25 15:00:00,2025-09-28 15:00:00,WH-LKO-01,SAP_TM,2025-09-25 17:43:00,2026-08-05 02:59:59,BATCH_202509_RAW_INBOUND_SHIPMENTS
SHP-00000302,PO-00000310,TRK-82321530,Oceanic Freight,2025-09-25 14:00:00,2025-09-25 14:00:00,2025-10-04 14:00:00,WH-LKO-01,SAP_TM,2025-09-25 14:32:00,2026-08-05 02:59:59,BATCH_202509_RAW_INBOUND_SHIPMENTS
SHP-00000303,PO-00000311,TRK-23688841,FedEx,2025-09-29 16:00:00,2025-09-29 16:00:00,2025-10-02 16:00:00,WH-LKO-01,SAP_TM,2025-09-29 16:13:00,2026-08-05 02:59:59,BATCH_202509_RAW_INBOUND_SHIPMENTS
SHP-00000304,PO-00000312,TRK-27465395,FedEx,2025-10-03 12:00:00,2025-10-03 12:00:00,2025-10-06 12:00:00,WH-MUM-03,SAP_TM,2025-10-03 14:34:00,2026-08-05 02:59:59,BATCH_202510_RAW_INBOUND_SHIPMENTS
SHP-00000305,PO-00000313,TRK-46209929,FedEx,2025-10-10 12:00:00,2025-10-10 12:00:00,2025-10-13 12:00:00,WH-BLR-04,SAP_TM,2025-10-10 13:14:00,2026-08-05 02:59:59,BATCH_202510_RAW_INBOUND_SHIPMENTS
SHP-00000306,PO-00000314,TRK-26356635,DHL Express,2025-10-02 10:00:00,2025-10-02 10:00:00,2025-10-04 10:00:00,WH-DEL-02,SAP_TM,2025-10-02 10:58:00,2026-08-05 02:59:59,BATCH_202510_RAW_INBOUND_SHIPMENTS
SHP-00000307,PO-00000315,TRK-69675019,DHL Express,2025-10-05 11:00:00,2025-10-05 11:00:00,2025-10-07 11:00:00,WH-MUM-03,SAP_TM,2025-10-05 12:52:00,2026-08-05 02:59:59,BATCH_202510_RAW_INBOUND_SHIPMENTS
SHP-00000308,PO-00000316,TRK-28101260,Oceanic Freight,2025-10-09 13:00:00,2025-10-09 13:00:00,2025-10-18 13:00:00,WH-MUM-03,SAP_TM,2025-10-09 13:29:00,2026-08-05 02:59:59,BATCH_202510_RAW_INBOUND_SHIPMENTS
SHP-00000309,PO-00000317,TRK-45235486,FedEx,2025-10-14 08:00:00,2025-10-14 08:00:00,2025-10-17 08:00:00,WH-DEL-02,SAP_TM,2025-10-14 09:15:00,2026-08-05 02:59:59,BATCH_202510_RAW_INBOUND_SHIPMENTS
SHP-00000310,PO-00000318,TRK-81810107,Oceanic Freight,2025-10-12 14:00:00,2025-10-12 14:00:00,2025-10-21 14:00:00,WH-DEL-02,SAP_TM,2025-10-12 14:19:00,2026-08-05 02:59:59,BATCH_202510_RAW_INBOUND_SHIPMENTS
SHP-00000311,PO-00000319,TRK-31709279,FedEx,2025-10-18 12:00:00,2025-10-18 12:00:00,2025-10-21 12:00:00,WH-DEL-02,SAP_TM,2025-10-18 13:17:00,2026-08-05 02:59:59,BATCH_202510_RAW_INBOUND_SHIPMENTS
SHP-00000312,PO-00000320,TRK-66189326,Oceanic Freight,2025-10-14 11:00:00,2025-10-14 11:00:00,2025-10-23 11:00:00,WH-LKO-01,SAP_TM,2025-10-14 11:14:00,2026-08-05 02:59:59,BATCH_202510_RAW_INBOUND_SHIPMENTS
SHP-00000313,PO-00000321,TRK-73869031,Local-Post,2025-10-18 13:00:00,2025-10-18 13:00:00,2025-10-23 13:00:00,WH-MUM-03,SAP_TM,2025-10-18 13:14:00,2026-08-05 02:59:59,BATCH_202510_RAW_INBOUND_SHIPMENTS
SHP-00000314,PO-00000322,TRK-51741117,DHL Express,2025-10-20 08:00:00,2025-10-20 08:00:00,2025-10-22 08:00:00,WH-LKO-01,SAP_TM,2025-10-20 09:16:00,2026-08-05 02:59:59,BATCH_202510_RAW_INBOUND_SHIPMENTS
SHP-00000315,PO-00000323,TRK-91680749,FedEx,2025-10-19T15:00:00Z,2025-10-19 15:00:00,2025-10-22 15:00:00,WH-DEL-02,SAP_TM,2025-10-19 17:09:00,2026-08-05 02:59:59,BATCH_202510_RAW_INBOUND_SHIPMENTS
SHP-00000316,PO-00000324,TRK-56246992,FedEx,2025-10-21 14:00:00,2025-10-21 14:00:00,2025-10-24 14:00:00,WH-DEL-02,SAP_TM,2025-10-26 15:24:00,2026-08-05 02:59:59,BATCH_202510_RAW_INBOUND_SHIPMENTS
SHP-00000317,PO-00000325,TRK-69134426,DHL Express,2025-10-21 14:00:00,2025-10-21T14:00:00Z,2025-10-23 14:00:00,WH-LKO-01,SAP_TM,2025-10-21 15:44:00,2026-08-05 02:59:59,BATCH_202510_RAW_INBOUND_SHIPMENTS
SHP-00000318,PO-00000326,TRK-44839090,Local-Post,2025-10-18 11:00:00,2025-10-18 11:00:00,2025-10-23 11:00:00,WH-DEL-02,SAP_TM,2025-10-18 12:04:00,2026-08-05 02:59:59,BATCH_202510_RAW_INBOUND_SHIPMENTS
SHP-00000319,PO-00000327,TRK-85833107,Local-Post,2025-10-28T11:00:00+05:30,2025-10-28 11:00:00,2025-11-02 11:00:00,WH-LKO-01,SAP_TM,2025-10-28 11:00:00,2026-08-05 02:59:59,BATCH_202510_RAW_INBOUND_SHIPMENTS
SHP-00000320,PO-00000328,TRK-69497195,Oceanic Freight,2025-10-31T08:00:00Z,2025-10-31 08:00:00,2025-11-09 08:00:00,WH-DEL-02,SAP_TM,2025-10-31 10:37:00,2026-08-05 02:59:59,BATCH_202510_RAW_INBOUND_SHIPMENTS
SHP-00000321,PO-00000329,TRK-68677028,Local-Post,2025-11-01 13:00:00,2025-11-01 13:00:00,2025-11-06 13:00:00,WH-DEL-02,SAP_TM,2025-11-01 15:14:00,2026-08-05 02:59:59,BATCH_202511_RAW_INBOUND_SHIPMENTS
SHP-00000322,PO-00000330,TRK-65193089,FedEx,2025-11-01 14:00:00,2025-11-01 14:00:00,2025-11-04 14:00:00,WH-MUM-03,SAP_TM,2025-11-01 16:06:00,2026-08-05 02:59:59,BATCH_202511_RAW_INBOUND_SHIPMENTS
SHP-00000323,PO-00000331,TRK-59582210,Oceanic Freight,2025-11-01 15:00:00,2025-11-01 15:00:00,2025-11-10 15:00:00,WH-BLR-04,SAP_TM,2025-11-01 15:32:00,2026-08-05 02:59:59,BATCH_202511_RAW_INBOUND_SHIPMENTS
SHP-00000324,PO-00000332,TRK-12991715,DHL Express,2025-11-08 14:00:00,2025-11-08 14:00:00,2025-11-10 14:00:00,WH-DEL-02,SAP_TM,2025-11-08 14:04:00,2026-08-05 02:59:59,BATCH_202511_RAW_INBOUND_SHIPMENTS
SHP-00000325,PO-00000333,TRK-55945523,FedEx,2025-11-07 16:00:00,2025-11-07 16:00:00,2025-11-10 16:00:00,WH-DEL-02,SAP_TM,2025-11-07 17:34:00,2026-08-05 02:59:59,BATCH_202511_RAW_INBOUND_SHIPMENTS
SHP-00000326,PO-00000334, TRK-56872957 ,FedEx,2025-11-08 11:00:00,2025-11-08 11:00:00,2025-11-11 11:00:00,WH-DEL-02,SAP_TM,2025-11-08 11:02:00,2026-08-05 02:59:59,BATCH_202511_RAW_INBOUND_SHIPMENTS
SHP-00000327,PO-00000335,TRK-25870086,DHL Express,2025-11-05 13:00:00,2025-11-05 13:00:00,2025-11-07 13:00:00,WH-DEL-02,SAP_TM,2025-11-05 14:27:00,2026-08-05 02:59:59,BATCH_202511_RAW_INBOUND_SHIPMENTS
SHP-00000328,PO-00000336,TRK-96076148,FedEx,2025-11-17 16:00:00,2025-11-17 16:00:00,2025-11-20 16:00:00,WH-LKO-01,SAP_TM,2025-11-17 18:34:00,2026-08-05 02:59:59,BATCH_202511_RAW_INBOUND_SHIPMENTS
SHP-00000329,PO-00000337,TRK-85789805,Local-Post,2025-11-06 15:00:00,2025-11-06 15:00:00,2025-11-11 15:00:00,WH-DEL-02,SAP_TM,2025-11-06 16:22:00,2026-08-05 02:59:59,BATCH_202511_RAW_INBOUND_SHIPMENTS
SHP-00000330,PO-00000338,TRK-83502377,Oceanic Freight,2025-11-13 09:00:00,2025-11-13 09:00:00,2025-11-22 09:00:00,WH-LKO-01,SAP_TM,2025-11-13 11:56:00,2026-08-05 02:59:59,BATCH_202511_RAW_INBOUND_SHIPMENTS
SHP-00000331,PO-00000339,TRK-12782961,Oceanic Freight,2025-11-05 11:00:00,2025-11-05 11:00:00,2025-11-14 11:00:00,WH-DEL-02,SAP_TM,2025-11-05 12:16:00,2026-08-05 02:59:59,BATCH_202511_RAW_INBOUND_SHIPMENTS
SHP-00000332,PO-00000340,TRK-46097030,FedEx,2025-11-15 14:00:00,2025-11-15 14:00:00,2025-11-18 14:00:00,WH-DEL-02,SAP_TM,2025-11-15 16:49:00,2026-08-05 02:59:59,BATCH_202511_RAW_INBOUND_SHIPMENTS
SHP-00000333,PO-00000341,TRK-29781954,FedEx,2025-11-20 09:00:00,2025-11-20 09:00:00,2025-11-23 09:00:00,WH-DEL-02,SAP_TM,2025-11-20 10:08:00,2026-08-05 02:59:59,BATCH_202511_RAW_INBOUND_SHIPMENTS
SHP-00000334,PO-00000342,TRK-98206134,Oceanic Freight,2025-11-13 16:00:00,2025-11-13 16:00:00,2025-11-22 16:00:00,WH-LKO-01,SAP_TM,2025-11-13 17:07:00,2026-08-05 02:59:59,BATCH_202511_RAW_INBOUND_SHIPMENTS
SHP-00000335,PO-00000343,TRK-81762882,Oceanic Freight,2025-11-15 11:00:00,2025-11-15 11:00:00,2025-11-24 11:00:00,WH-MUM-03,SAP_TM,2025-11-15 13:46:00,2026-08-05 02:59:59,BATCH_202511_RAW_INBOUND_SHIPMENTS
SHP-00000336,PO-00000344,TRK-58593669,FedEx,2025-11-13 14:00:00,2025-11-13 14:00:00,2025-11-16 14:00:00,WH-BLR-04,SAP_TM,2025-11-13 14:17:00,2026-08-05 02:59:59,BATCH_202511_RAW_INBOUND_SHIPMENTS
SHP-00000337,PO-00000345,TRK-48991677,Local-Post,2025-11-23 08:00:00,2025-11-23 08:00:00,2025-11-28 08:00:00,WH-MUM-03,SAP_TM,2025-11-23 10:53:00,2026-08-05 02:59:59,BATCH_202511_RAW_INBOUND_SHIPMENTS
SHP-00000338,PO-00000346,TRK-10558267,Oceanic Freight,2025-11-22 16:00:00,2025-11-22 16:00:00,2025-12-01 16:00:00,WH-MUM-03,SAP_TM,2025-11-22 16:09:00,2026-08-05 02:59:59,BATCH_202511_RAW_INBOUND_SHIPMENTS
SHP-00000339, PO-00000347 ,TRK-70707187,FedEx,2025-11-21 13:00:00,2025-11-21T13:00:00Z,2025-11-24 13:00:00,WH-BLR-04,SAP_TM,2025-11-21 14:00:00,2026-08-05 02:59:59,BATCH_202511_RAW_INBOUND_SHIPMENTS
SHP-00000340,PO-00000348,TRK-40454803,Local-Post,45980,2025-11-19 09:00:00,2025-11-24 09:00:00,WH-DEL-02,SAP_TM,2025-11-19 11:41:00,2026-08-05 02:59:59,BATCH_202511_RAW_INBOUND_SHIPMENTS
SHP-00000341,PO-00000349,TRK-90532520,FedEx,2025-11-20 10:00:00,2025-11-20 10:00:00,2025-11-23 10:00:00,WH-DEL-02,SAP_TM,2025-11-20 10:47:00,2026-08-05 02:59:59,BATCH_202511_RAW_INBOUND_SHIPMENTS
SHP-00000342,PO-00000350,TRK-56460881,Local-Post,2025-11-27 11:00:00,2025-11-27 11:00:00,2025-12-02 11:00:00,WH-DEL-02,SAP_TM,2025-11-27 11:30:00,2026-08-05 02:59:59,BATCH_202511_RAW_INBOUND_SHIPMENTS
SHP-00000343,PO-00000351,TRK-51227841,Local-Post,2025-11-22 16:00:00,2025-11-22 16:00:00,2025-11-27 16:00:00,WH-DEL-02,SAP_TM,2025-11-22 18:15:00,2026-08-05 02:59:59,BATCH_202511_RAW_INBOUND_SHIPMENTS
SHP-00000344,PO-00000352,TRK-48736036,Oceanic Freight,2025-11-26 11:00:00,2025-11-26 11:00:00,2025-12-05 11:00:00,WH-BLR-04,SAP_TM,2025-11-26 11:48:00,2026-08-05 02:59:59,BATCH_202511_RAW_INBOUND_SHIPMENTS
SHP-00000345,PO-00000353,TRK-82769878,Oceanic Freight,2025-12-08 12:00:00,2025-12-08 12:00:00,2025-12-17 12:00:00,WH-DEL-02,SAP_TM,2025-12-08 14:21:00,2026-08-05 02:59:59,BATCH_202512_RAW_INBOUND_SHIPMENTS
SHP-00000346,PO-00000354,TRK-55765180,DHL Express,2025-12-06 15:00:00,2025-12-06 15:00:00,2025-12-08 15:00:00,WH-BLR-04,SAP_TM,2025-12-06 16:02:00,2026-08-05 02:59:59,BATCH_202512_RAW_INBOUND_SHIPMENTS
SHP-00000347,PO-00000355,TRK-54199740,DHL Express,2025-12-08 15:00:00,2025-12-08 15:00:00,2025-12-10 15:00:00,WH-LKO-01,SAP_TM,2025-12-08 16:51:00,2026-08-05 02:59:59,BATCH_202512_RAW_INBOUND_SHIPMENTS
SHP-00000348,PO-00000356,TRK-65736662,Local-Post,2025-12-09 14:00:00,2025-12-09 14:00:00,2025-12-14 14:00:00,WH-BLR-04,SAP_TM,2025-12-09 17:00:00,2026-08-05 02:59:59,BATCH_202512_RAW_INBOUND_SHIPMENTS
SHP-00000349,PO-00000357,TRK-98839430,DHL Express,2025-12-12 16:00:00,2025-12-12T16:00:00+05:30,2025-12-14 16:00:00,WH-LKO-01,SAP_TM,2025-12-12 16:28:00,2026-08-05 02:59:59,BATCH_202512_RAW_INBOUND_SHIPMENTS
SHP-00000350,PO-00000358,TRK-68437495,DHL Express,2025-12-26 12:00:00,2025-12-26 12:00:00,2025-12-28 12:00:00,WH-BLR-04,SAP_TM,2025-12-26 14:25:00,2026-08-05 02:59:59,BATCH_202512_RAW_INBOUND_SHIPMENTS
SHP-00000351,PO-00000359,TRK-49594189,FedEx,2025-12-21 08:00:00,2025-12-21 08:00:00,2025-12-24 08:00:00,WH-LKO-01,SAP_TM,2025-12-21 08:07:00,2026-08-05 02:59:59,BATCH_202512_RAW_INBOUND_SHIPMENTS
SHP-00000352,PO-00000360,TRK-48053988,Oceanic Freight,2025-12-14 13:00:00,2025-12-14 13:00:00,2025-12-23 13:00:00,WH-MUM-03,SAP_TM,2025-12-14 15:43:00,2026-08-05 02:59:59,BATCH_202512_RAW_INBOUND_SHIPMENTS
SHP-00000353,PO-00000361,TRK-57766601,FedEx,2025-12-16 11:00:00,2025-12-16 11:00:00,2025-12-19 11:00:00,WH-LKO-01,SAP_TM,2025-12-16 12:31:00,2026-08-05 02:59:59,BATCH_202512_RAW_INBOUND_SHIPMENTS
SHP-00000354,PO-00000362,TRK-89416534,Local-Post,2025-12-15 12:00:00,2025-12-15 12:00:00,2025-12-20 12:00:00,WH-MUM-03,SAP_TM,2025-12-15 12:35:00,2026-08-05 02:59:59,BATCH_202512_RAW_INBOUND_SHIPMENTS
SHP-00000355,PO-00000363,TRK-70788729,Local-Post,2025-12-13 16:00:00,2025-12-13 16:00:00,2025-12-18 16:00:00,WH-LKO-01,SAP_TM,2025-12-13 17:02:00,2026-08-05 02:59:59,BATCH_202512_RAW_INBOUND_SHIPMENTS
SHP-00000356,PO-00000364,TRK-53214696,FedEx,2025-12-25 08:00:00,2025-12-25 08:00:00,2025-12-28 08:00:00,WH-BLR-04,SAP_TM,2025-12-25 08:23:00,2026-08-05 02:59:59,BATCH_202512_RAW_INBOUND_SHIPMENTS
SHP-00000357,PO-00000365,TRK-96398968,DHL Express,2025-12-25 09:00:00,2025-12-25 09:00:00,2025-12-27 09:00:00,WH-BLR-04,SAP_TM,2025-12-25 11:53:00,2026-08-05 02:59:59,BATCH_202512_RAW_INBOUND_SHIPMENTS
SHP-00000358,PO-00000366,TRK-45872947,Local-Post,2025-12-25 08:00:00,2025-12-25T08:00:00Z,2025-12-30 08:00:00,WH-LKO-01,SAP_TM,2025-12-25 10:02:00,2026-08-05 02:59:59,BATCH_202512_RAW_INBOUND_SHIPMENTS
SHP-00000359,PO-00000367,TRK-70697600,DHL Express,2025-12-27 14:00:00,2025-12-27 14:00:00,2025-12-29 14:00:00,WH-LKO-01,SAP_TM,2025-12-27 14:10:00,2026-08-05 02:59:59,BATCH_202512_RAW_INBOUND_SHIPMENTS
SHP-00000360,PO-00000368,TRK-47997099,Oceanic Freight,2025-12-29 12:00:00,1766989800,2026-01-07 12:00:00,WH-LKO-01,SAP_TM,2025-12-29 13:37:00,2026-08-05 02:59:59,BATCH_202512_RAW_INBOUND_SHIPMENTS
SHP-00000361,PO-00000369,TRK-57363922,Oceanic Freight,2025-12-31 16:00:00,2025-12-31 16:00:00,2026-01-09 16:00:00,WH-LKO-01,SAP_TM,2025-12-31 16:08:00,2026-08-05 02:59:59,BATCH_202512_RAW_INBOUND_SHIPMENTS
SHP-00000362,PO-00000370,TRK-67357531,Oceanic Freight,2026-01-09 13:00:00,2026-01-09 13:00:00,2026-01-18 13:00:00,WH-LKO-01,SAP_TM,2026-01-09 13:37:00,2026-08-05 02:59:59,BATCH_202601_RAW_INBOUND_SHIPMENTS
SHP-00000363,PO-00000371,TRK-49272691,Local-Post,2026-01-10 12:00:00,2026-01-10 12:00:00,2026-01-15 12:00:00,WH-DEL-02,SAP_TM,2026-01-10 14:29:00,2026-08-05 02:59:59,BATCH_202601_RAW_INBOUND_SHIPMENTS
SHP-00000364,PO-00000372,TRK-15412018,FedEx,2026-01-07 16:00:00,01-07-2026,2026-01-10 16:00:00,WH-MUM-03,SAP_TM,2026-01-07 17:30:00,2026-08-05 02:59:59,BATCH_202601_RAW_INBOUND_SHIPMENTS
SHP-00000365,PO-00000373,TRK-13067502,FedEx,2026-01-17 11:00:00,2026-01-17 11:00:00,2026-01-20 11:00:00,WH-LKO-01,SAP_TM,2026-01-17 13:19:00,2026-08-05 02:59:59,BATCH_202601_RAW_INBOUND_SHIPMENTS
SHP-00000366,PO-00000374,TRK-79876902,DHL Express,2026-01-07 11:00:00,2026-01-07 11:00:00,2026-01-09 11:00:00,WH-DEL-02,SAP_TM,2026-01-07 12:45:00,2026-08-05 02:59:59,BATCH_202601_RAW_INBOUND_SHIPMENTS
SHP-00000367,PO-00000375,TRK-85092073,DHL Express,2026-01-14 16:00:00,2026-01-14 16:00:00,2026-01-16 16:00:00,WH-BLR-04,SAP_TM,2026-01-14 18:03:00,2026-08-05 02:59:59,BATCH_202601_RAW_INBOUND_SHIPMENTS
SHP-00000368,PO-00000376,TRK-65918415,Oceanic Freight,2026-01-16 14:00:00,2026-01-16 14:00:00,2026-01-25 14:00:00,WH-BLR-04,SAP_TM,2026-01-16 16:06:00,2026-08-05 02:59:59,BATCH_202601_RAW_INBOUND_SHIPMENTS
SHP-00000369,PO-00000378,TRK-28938522,Local-Post,2026-01-20 15:00:00,2026-01-20 15:00:00,2026-01-25 15:00:00,WH-LKO-01,SAP_TM,2026-01-20 16:05:00,2026-08-05 02:59:59,BATCH_202601_RAW_INBOUND_SHIPMENTS
SHP-00000370,PO-00000379,TRK-52443146,Local-Post,2026-01-23 14:00:00,2026-01-23 14:00:00,2026-01-28 14:00:00,WH-MUM-03,SAP_TM,2026-01-23 16:26:00,2026-08-05 02:59:59,BATCH_202601_RAW_INBOUND_SHIPMENTS
SHP-00000371,PO-00000380,TRK-99970576,FedEx,2026-01-22 10:00:00,2026-01-22 10:00:00,2026-01-25 10:00:00,WH-DEL-02,SAP_TM,2026-01-22 10:51:00,2026-08-05 02:59:59,BATCH_202601_RAW_INBOUND_SHIPMENTS
SHP-00000372,PO-00000381,TRK-12264475,Oceanic Freight,2026-01-28 15:00:00,2026-01-28 15:00:00,2026-02-06 15:00:00,WH-LKO-01,SAP_TM,2026-02-13 16:26:00,2026-08-05 02:59:59,BATCH_202601_RAW_INBOUND_SHIPMENTS
SHP-00000373,PO-00000382,TRK-15342972,Local-Post,2026-01-27 15:00:00,2026-01-27 15:00:00,2026-02-01 15:00:00,WH-LKO-01,SAP_TM,2026-01-27 16:08:00,2026-08-05 02:59:59,BATCH_202601_RAW_INBOUND_SHIPMENTS
SHP-00000374,PO-00000383,TRK-40139078,Oceanic Freight,2026-01-27 10:00:00,2026-01-27 10:00:00,2026-02-05 10:00:00,WH-BLR-04,SAP_TM,2026-01-27 10:42:00,2026-08-05 02:59:59,BATCH_202601_RAW_INBOUND_SHIPMENTS
SHP-00000375,PO-00000384,TRK-40177498,Oceanic Freight,2026-01-24 16:00:00,2026-01-24 16:00:00,2026-02-02 16:00:00,WH-DEL-02,SAP_TM,2026-01-24 17:10:00,2026-08-05 02:59:59,BATCH_202601_RAW_INBOUND_SHIPMENTS
SHP-00000376,PO-00000385,TRK-81643859,Local-Post,2026-02-04 10:00:00,2026-02-04 10:00:00,2026-02-09 10:00:00,WH-MUM-03,SAP_TM,2026-02-04 10:40:00,2026-08-05 02:59:59,BATCH_202602_RAW_INBOUND_SHIPMENTS
SHP-00000377,PO-00000386, TRK-37053799 ,FedEx,2026-02-06 14:00:00,2026-02-06 14:00:00,2026-02-09 14:00:00,WH-MUM-03,SAP_TM,2026-02-06 16:04:00,2026-08-05 02:59:59,BATCH_202602_RAW_INBOUND_SHIPMENTS
SHP-00000378,PO-00000387,TRK-93723394,Local-Post,2026-02-06 08:00:00,2026-02-06T08:00:00Z,2026-02-11 08:00:00,WH-DEL-02,SAP_TM,2026-02-06 09:46:00,2026-08-05 02:59:59,BATCH_202602_RAW_INBOUND_SHIPMENTS
SHP-00000379,PO-00000388,TRK-28596102,Local-Post,2026-02-14 14:00:00,2026-02-14 14:00:00,2026-02-19 14:00:00,WH-MUM-03,SAP_TM,2026-02-14 14:14:00,2026-08-05 02:59:59,BATCH_202602_RAW_INBOUND_SHIPMENTS
SHP-00000380,PO-00000389,TRK-72478438,Local-Post,2026-02-07 10:00:00,2026-02-07 10:00:00,2026-02-12 10:00:00,WH-LKO-01,SAP_TM,2026-02-07 12:28:00,2026-08-05 02:59:59,BATCH_202602_RAW_INBOUND_SHIPMENTS
SHP-00000381,PO-00000390,TRK-88120670,DHL Express,2026-02-13 08:00:00,2026-02-13 08:00:00,2026-02-15 08:00:00,WH-MUM-03,SAP_TM,2026-02-13 08:38:00,2026-08-05 02:59:59,BATCH_202602_RAW_INBOUND_SHIPMENTS
SHP-00000382,PO-00000393,TRK-26196302,DHL Express,2026-02-22 12:00:00,2026-02-22 12:00:00,2026-02-24 12:00:00,WH-MUM-03,SAP_TM,2026-02-22 12:06:00,2026-08-05 02:59:59,BATCH_202602_RAW_INBOUND_SHIPMENTS
N/A,PO-00000394,TRK-77113906,Local-Post,2026-02-19 10:00:00,2026-02-19 10:00:00,2026-02-24 10:00:00,WH-BLR-04,SAP_TM,2026-02-19 11:14:00,2026-08-05 02:59:59,BATCH_202602_RAW_INBOUND_SHIPMENTS
SHP-00000384,PO-00000395,TRK-68514479,DHL Express,2026-02-27 10:00:00,2026-02-27 10:00:00,2026-03-01 10:00:00,WH-LKO-01,SAP_TM,2026-02-27 10:16:00,2026-08-05 02:59:59,BATCH_202602_RAW_INBOUND_SHIPMENTS
SHP-00000385,PO-00000396,TRK-98832794,Oceanic Freight,2026-02-19 16:00:00,2026-02-19 16:00:00,2026-02-28 16:00:00,WH-DEL-02,SAP_TM,2026-02-19 18:17:00,2026-08-05 02:59:59,BATCH_202602_RAW_INBOUND_SHIPMENTS
SHP-00000386,PO-00000397,TRK-41451766,Oceanic Freight,2026-02-27 09:00:00,2026-02-27 09:00:00,2026-03-08 09:00:00,WH-MUM-03,SAP_TM,2026-02-27 11:18:00,2026-08-05 02:59:59,BATCH_202602_RAW_INBOUND_SHIPMENTS
SHP-00000387,PO-00000398,TRK-49087945,FedEx,2026-02-20 13:00:00,2026-02-20 13:00:00,2026-02-23 13:00:00,WH-LKO-01,SAP_TM,2026-02-22 14:19:00,2026-08-05 02:59:59,BATCH_202602_RAW_INBOUND_SHIPMENTS
SHP-00000388,PO-00000399,TRK-11203118,FedEx,2026-02-27 16:00:00,2026-02-27 16:00:00,2026-03-02 16:00:00,WH-LKO-01,SAP_TM,2026-02-27 16:45:00,2026-08-05 02:59:59,BATCH_202602_RAW_INBOUND_SHIPMENTS
SHP-00000389,PO-00000400,TRK-65029433,DHL Express,2026-02-22 12:00:00,2026-02-22 12:00:00,2026-02-24 12:00:00,WH-DEL-02,SAP_TM,2026-02-22 12:03:00,2026-08-05 02:59:59,BATCH_202602_RAW_INBOUND_SHIPMENTS
SHP-00000390,PO-00000401,TRK-33460328,Local-Post,2026-02-22 08:00:00,2026-02-22 08:00:00,2026-02-27 08:00:00,WH-LKO-01,SAP_TM,2026-02-22 09:40:00,2026-08-05 02:59:59,BATCH_202602_RAW_INBOUND_SHIPMENTS
SHP-00000391,PO-00000402,TRK-59245831,Local-Post,2026-02-25 08:00:00,2026-02-25 08:00:00,2026-03-02 08:00:00,WH-BLR-04,SAP_TM,2026-02-25 09:46:00,2026-08-05 02:59:59,BATCH_202602_RAW_INBOUND_SHIPMENTS
SHP-00000392,PO-00000403,TRK-19101321,Local-Post,2026-02-25 09:00:00,2026-02-25 09:00:00,2026-03-02 09:00:00,WH-LKO-01,SAP_TM,2026-02-25 09:35:00,2026-08-05 02:59:59,BATCH_202602_RAW_INBOUND_SHIPMENTS
SHP-00000393,PO-00000404,TRK-48529549,FedEx,2026-02-25 14:00:00,2026-02-25 14:00:00,2026-02-28 14:00:00,WH-MUM-03,SAP_TM,2026-02-25 14:37:00,2026-08-05 02:59:59,BATCH_202602_RAW_INBOUND_SHIPMENTS
SHP-00000394,PO-00000405,TRK-31111453,Oceanic Freight,2026-03-05 16:00:00,2026-03-05 16:00:00,2026-03-14 16:00:00, WH-MUM-03 ,SAP_TM,2026-03-05 16:54:00,2026-08-05 02:59:59,BATCH_202603_RAW_INBOUND_SHIPMENTS
SHP-00000395,PO-00000406,TRK-98184148,DHL Express,2026-03-08 14:00:00,2026-03-08 14:00:00,2026-03-10 14:00:00,WH-MUM-03,SAP_TM,2026-03-13 16:34:00,2026-08-05 02:59:59,BATCH_202603_RAW_INBOUND_SHIPMENTS
SHP-00000396,PO-00000407,TRK-75952272,Oceanic Freight,2026-03-22 15:00:00,2026-03-22 15:00:00,2026-03-31 15:00:00,WH-MUM-03,SAP_TM,2026-03-22 17:39:00,2026-08-05 02:59:59,BATCH_202603_RAW_INBOUND_SHIPMENTS
SHP-00000397,PO-00000408,TRK-94273701,Oceanic Freight,2026-03-12 15:00:00,2026-03-12 15:00:00,2026-03-21 15:00:00,WH-DEL-02,SAP_TM,2026-03-12 15:51:00,2026-08-05 02:59:59,BATCH_202603_RAW_INBOUND_SHIPMENTS
SHP-00000398,PO-00000410,TRK-28594293,DHL Express,2026-03-08 09:00:00,2026-03-08 09:00:00,2026-03-10 09:00:00,WH-BLR-04,SAP_TM,2026-03-08 09:32:00,2026-08-05 02:59:59,BATCH_202603_RAW_INBOUND_SHIPMENTS
SHP-00000399,PO-00000411,TRK-13480706,DHL Express,2026-03-09 08:00:00,2026-03-09 08:00:00,2026-03-11 08:00:00,WH-LKO-01,SAP_TM,2026-03-09 08:20:00,2026-08-05 02:59:59,BATCH_202603_RAW_INBOUND_SHIPMENTS
SHP-00000400,PO-00000412,TRK-85232766,DHL Express,2026-03-14 16:00:00,2026-03-14T16:00:00+05:30,2026-03-16 16:00:00,WH-BLR-04,SAP_TM,2026-03-14 18:27:00,2026-08-05 02:59:59,BATCH_202603_RAW_INBOUND_SHIPMENTS
SHP-00000401,PO-00000413,TRK-20037909,DHL Express,2026-03-13 14:00:00,2026-03-13T14:00:00Z,2026-03-15 14:00:00,WH-MUM-03,SAP_TM,2026-03-18 16:50:00,2026-08-05 02:59:59,BATCH_202603_RAW_INBOUND_SHIPMENTS
SHP-00000402,PO-00000414,TRK-95772234,Oceanic Freight,2026-03-18 15:00:00,2026-03-18 15:00:00,2026-03-27 15:00:00,WH-LKO-01,SAP_TM,2026-03-18 17:28:00,2026-08-05 02:59:59,BATCH_202603_RAW_INBOUND_SHIPMENTS
SHP-00000403,PO-00000415,TRK-56696550,Local-Post,2026-03-17 10:00:00,2026-03-17 10:00:00,2026-03-22 10:00:00,WH-BLR-04,SAP_TM,2026-03-17 10:54:00,2026-08-05 02:59:59,BATCH_202603_RAW_INBOUND_SHIPMENTS
SHP-00000404,PO-00000416,TRK-43415842,FedEx,2026-03-19 15:00:00,2026-03-19 15:00:00,2026-03-22 15:00:00,WH-BLR-04,SAP_TM,2026-03-19 16:35:00,2026-08-05 02:59:59,BATCH_202603_RAW_INBOUND_SHIPMENTS
SHP-00000405,PO-00000417,TRK-80853358,Local-Post,2026-03-24 10:00:00,2026-03-24 10:00:00,2026-03-29 10:00:00,WH-MUM-03,SAP_TM,2026-03-24 12:49:00,2026-08-05 02:59:59,BATCH_202603_RAW_INBOUND_SHIPMENTS
SHP-00000406,PO-00000418,TRK-71943898,Local-Post,2026-03-21 15:00:00,2026-03-21 15:00:00,2026-03-26 15:00:00,WH-BLR-04,SAP_TM,2026-03-21 17:20:00,2026-08-05 02:59:59,BATCH_202603_RAW_INBOUND_SHIPMENTS
SHP-00000407,PO-00000420, TRK-85838935 ,FedEx,2026-03-28 11:00:00,2026-03-28T11:00:00+05:30,2026-03-31T11:00:00Z,WH-MUM-03,SAP_TM,2026-03-28 13:17:00,2026-08-05 02:59:59,BATCH_202603_RAW_INBOUND_SHIPMENTS
SHP-00000408,PO-00000421,TRK-66002053,FedEx,2026-03-26 13:00:00,2026-03-26 13:00:00,2026-03-29 13:00:00,WH-BLR-04,SAP_TM,2026-03-26 14:10:00,2026-08-05 02:59:59,BATCH_202603_RAW_INBOUND_SHIPMENTS
SHP-00000409,PO-00000422,TRK-93836538,FedEx,2026-03-21 09:00:00,2026-03-21 09:00:00,2026-03-24 09:00:00,WH-LKO-01,SAP_TM,2026-03-21 10:29:00,2026-08-05 02:59:59,BATCH_202603_RAW_INBOUND_SHIPMENTS
SHP-00000410,PO-00000423,TRK-72839723,FedEx,2026-03-31 15:00:00,2026-03-31 15:00:00,2026-04-03 15:00:00,WH-BLR-04,SAP_TM,2026-03-31 16:22:00,2026-08-05 02:59:59,BATCH_202603_RAW_INBOUND_SHIPMENTS
SHP-00000411,PO-00000424,TRK-72400478,DHL Express,2026-03-22 08:00:00,2026-03-22 08:00:00,2026-03-24 08:00:00,WH-MUM-03,SAP_TM,2026-03-22 09:45:00,2026-08-05 02:59:59,BATCH_202603_RAW_INBOUND_SHIPMENTS
SHP-00000412,PO-00000425,TRK-29650584,Local-Post,2026-03-30 14:00:00,2026-03-30 14:00:00,2026-04-04 14:00:00,WH-BLR-04,SAP_TM,2026-03-30 15:33:00,2026-08-05 02:59:59,BATCH_202603_RAW_INBOUND_SHIPMENTS
SHP-00000413,PO-00000426,TRK-92570726,DHL Express,1775619000,2026-04-08 09:00:00,2026-04-10 09:00:00,WH-DEL-02,SAP_TM,2026-04-08 11:43:00,2026-08-05 02:59:59,BATCH_202604_RAW_INBOUND_SHIPMENTS
SHP-00000414,PO-00000427, TRK-99969736 ,DHL Express,2026-04-03 10:00:00,2026-04-03 10:00:00,2026-04-05 10:00:00,WH-BLR-04,SAP_TM,2026-04-03 11:59:00,2026-08-05 02:59:59,BATCH_202604_RAW_INBOUND_SHIPMENTS
SHP-00000415,PO-00000428,TRK-97128416,FedEx,2026-04-08 15:00:00,2026-04-08 15:00:00,2026-04-11T15:00:00+05:30,WH-MUM-03,SAP_TM,2026-04-08 16:43:00,2026-08-05 02:59:59,BATCH_202604_RAW_INBOUND_SHIPMENTS
SHP-00000416,PO-00000429,TRK-68228367,Local-Post,2026-04-24 16:00:00,2026-04-24 16:00:00,2026-04-29 16:00:00,WH-MUM-03,SAP_TM,2026-04-24 17:54:00,2026-08-05 02:59:59,BATCH_202604_RAW_INBOUND_SHIPMENTS
SHP-00000417,PO-00000430,TRK-85628004,Oceanic Freight,2026-04-15 08:00:00,2026-04-15 08:00:00,2026-04-24 08:00:00,WH-BLR-04,SAP_TM,2026-04-15 09:19:00,2026-08-05 02:59:59,BATCH_202604_RAW_INBOUND_SHIPMENTS
SHP-00000418,PO-00000431,TRK-46686244,FedEx,2026-04-19 16:00:00,2026-04-19 16:00:00,2026-04-22 16:00:00,WH-BLR-04,SAP_TM,2026-04-19 18:39:00,2026-08-05 02:59:59,BATCH_202604_RAW_INBOUND_SHIPMENTS
SHP-00000419,PO-00000432,TRK-97579999,DHL Express,2026-04-25 11:00:00,2026-04-25 11:00:00,2026-04-27 11:00:00,WH-BLR-04,SAP_TM,2026-04-25 13:02:00,2026-08-05 02:59:59,BATCH_202604_RAW_INBOUND_SHIPMENTS
SHP-00000420,PO-00000433,TRK-80078376,DHL Express,2026-04-23 12:00:00,23/04/2026,2026-04-25 12:00:00,WH-LKO-01,SAP_TM,2026-04-23 13:56:00,2026-08-05 02:59:59,BATCH_202604_RAW_INBOUND_SHIPMENTS
SHP-00000421,PO-00000434,TRK-76994951,Local-Post,2026-04-14 08:00:00,2026-04-14 08:00:00,46131,WH-MUM-03,SAP_TM,2026-04-14 08:07:00,2026-08-05 02:59:59,BATCH_202604_RAW_INBOUND_SHIPMENTS
SHP-00000422,PO-00000435,TRK-64774823,DHL Express,2026-04-24 08:00:00,04-24-2026,2026-04-26 08:00:00,WH-BLR-04,SAP_TM,2026-04-24 10:26:00,2026-08-05 02:59:59,BATCH_202604_RAW_INBOUND_SHIPMENTS
SHP-00000423,PO-00000436,TRK-95735904,FedEx,2026-04-18 12:00:00,2026-04-18T12:00:00+05:30,2026-04-21 12:00:00,WH-MUM-03,SAP_TM,2026-04-18 13:45:00,2026-08-05 02:59:59,BATCH_202604_RAW_INBOUND_SHIPMENTS
SHP-00000424,PO-00000437,TRK-33279863,DHL Express,2026-04-21 12:00:00,2026-04-21 12:00:00,2026-04-23 12:00:00,WH-BLR-04,SAP_TM,2026-04-21 12:43:00,2026-08-05 02:59:59,BATCH_202604_RAW_INBOUND_SHIPMENTS
SHP-00000425,PO-00000439,TRK-60927781,FedEx,2026-04-24 13:00:00,2026-04-24 13:00:00,2026-04-27 13:00:00,WH-BLR-04,SAP_TM,2026-04-24 14:32:00,2026-08-05 02:59:59,BATCH_202604_RAW_INBOUND_SHIPMENTS
SHP-00000426,PO-00000440,TRK-18486002,Oceanic Freight,2026-04-27 15:00:00,2026-04-27 15:00:00,2026-05-06 15:00:00,WH-BLR-04,SAP_TM,2026-04-27 17:16:00,2026-08-05 02:59:59,BATCH_202604_RAW_INBOUND_SHIPMENTS
SHP-00000427,PO-00000441,TRK-38041602,DHL Express,2026-04-25 16:00:00,2026-04-25T16:00:00+05:30,2026-04-27 16:00:00,WH-MUM-03,SAP_TM,2026-04-25 17:05:00,2026-08-05 02:59:59,BATCH_202604_RAW_INBOUND_SHIPMENTS
SHP-00000428,PO-00000443,TRK-81537746,FedEx,2026-04-26 13:00:00,2026-04-26 13:00:00,2026-04-29 13:00:00,WH-BLR-04,SAP_TM,2026-04-26 15:18:00,2026-08-05 02:59:59,BATCH_202604_RAW_INBOUND_SHIPMENTS
SHP-00000429,PO-00000444,TRK-13556830,FedEx,2026-04-27 08:00:00,2026-04-27 08:00:00,2026-04-30 08:00:00,WH-BLR-04,SAP_TM,2026-04-27 09:41:00,2026-08-05 02:59:59,BATCH_202604_RAW_INBOUND_SHIPMENTS
SHP-00000430,PO-00000445,TRK-12153297,FedEx,2026-05-01 09:00:00,2026-05-01 09:00:00,2026-05-04 09:00:00,WH-DEL-02,SAP_TM,2026-05-01 09:15:00,2026-08-05 02:59:59,BATCH_202605_RAW_INBOUND_SHIPMENTS
SHP-00000431,PO-00000446,TRK-99429019,FedEx,2026-05-03 13:00:00,2026-05-03 13:00:00,2026-05-06 13:00:00,WH-DEL-02,SAP_TM,2026-05-08 13:35:00,2026-08-05 02:59:59,BATCH_202605_RAW_INBOUND_SHIPMENTS
SHP-00000432,PO-00000447,TRK-39714948,Local-Post,2026-05-09 08:00:00,2026-05-09 08:00:00,14/05/2026,WH-MUM-03,SAP_TM,2026-05-09 08:35:00,2026-08-05 02:59:59,BATCH_202605_RAW_INBOUND_SHIPMENTS
SHP-00000433,PO-00000448,TRK-33529580,Local-Post,2026-05-01 12:00:00,2026-05-01 12:00:00,06/05/2026,WH-DEL-02,SAP_TM,2026-05-01 13:19:00,2026-08-05 02:59:59,BATCH_202605_RAW_INBOUND_SHIPMENTS
SHP-00000434,PO-00000449,TRK-52941218,Oceanic Freight,2026-05-02 10:00:00,2026-05-02 10:00:00,2026-05-11 10:00:00,WH-MUM-03,SAP_TM,2026-05-02 11:05:00,2026-08-05 02:59:59,BATCH_202605_RAW_INBOUND_SHIPMENTS
SHP-00000435,PO-00000450,TRK-86403812,FedEx,2026-05-07 10:00:00,2026-05-07 10:00:00,2026-05-10 10:00:00,WH-MUM-03,SAP_TM,2026-05-09 10:32:00,2026-08-05 02:59:59,BATCH_202605_RAW_INBOUND_SHIPMENTS
SHP-00000436,PO-00000451,TRK-85158897,FedEx,2026-05-10 09:00:00,2026-05-10 09:00:00,2026-05-13 09:00:00,WH-MUM-03,SAP_TM,2026-05-10 10:58:00,2026-08-05 02:59:59,BATCH_202605_RAW_INBOUND_SHIPMENTS
SHP-00000437,PO-00000452,TRK-54090065,Local-Post,2026-05-10 12:00:00,2026-05-10 12:00:00,2026-05-15 12:00:00,WH-DEL-02,SAP_TM,2026-05-10 14:26:00,2026-08-05 02:59:59,BATCH_202605_RAW_INBOUND_SHIPMENTS
SHP-00000438,PO-00000453,TRK-59226707,FedEx,2026-05-15 09:00:00,2026-05-15 09:00:00,2026-05-18 09:00:00,WH-MUM-03,SAP_TM,2026-05-15 10:48:00,2026-08-05 02:59:59,BATCH_202605_RAW_INBOUND_SHIPMENTS
SHP-00000439,PO-00000454,TRK-61946476,DHL Express,2026-05-16 09:00:00,2026-05-16 09:00:00,2026-05-18 09:00:00,WH-BLR-04,SAP_TM,2026-05-16 09:57:00,2026-08-05 02:59:59,BATCH_202605_RAW_INBOUND_SHIPMENTS
SHP-00000440,PO-00000455,TRK-98628886,Local-Post,2026-05-09T11:00:00+05:30,2026-05-09 11:00:00,2026-05-14 11:00:00,WH-MUM-03,SAP_TM,2026-05-09 12:09:00,2026-08-05 02:59:59,BATCH_202605_RAW_INBOUND_SHIPMENTS
SHP-00000441,PO-00000456,TRK-81409083,DHL Express,2026-05-27 10:00:00,2026-05-27 10:00:00,2026-05-29 10:00:00,WH-MUM-03,SAP_TM,2026-05-27 12:24:00,2026-08-05 02:59:59,BATCH_202605_RAW_INBOUND_SHIPMENTS
SHP-00000442,PO-00000457,TRK-49391737,FedEx,2026-05-12 14:00:00,2026-05-12 14:00:00,2026-05-15 14:00:00,WH-BLR-04,SAP_TM,2026-05-12 14:21:00,2026-08-05 02:59:59,BATCH_202605_RAW_INBOUND_SHIPMENTS
SHP-00000443,PO-00000458,TRK-69782578,Local-Post,2026-05-13 11:00:00,2026-05-13 11:00:00,2026-05-18 11:00:00,WH-LKO-01,SAP_TM,2026-05-13 11:05:00,2026-08-05 02:59:59,BATCH_202605_RAW_INBOUND_SHIPMENTS
SHP-00000444,PO-00000459,TRK-67746051,FedEx,2026-05-15 12:00:00,2026-05-15 12:00:00,18/05/2026,WH-BLR-04,SAP_TM,2026-05-15 13:50:00,2026-08-05 02:59:59,BATCH_202605_RAW_INBOUND_SHIPMENTS
SHP-00000445,PO-00000460,TRK-91305809,Local-Post,2026-05-14 08:00:00,2026-05-14 08:00:00,2026-05-19 08:00:00,WH-MUM-03,SAP_TM,2026-05-14 10:15:00,2026-08-05 02:59:59,BATCH_202605_RAW_INBOUND_SHIPMENTS
SHP-00000446,PO-00000461,TRK-48001633,FedEx,2026-05-13 08:00:00,2026-05-13 08:00:00,2026-05-16 08:00:00,WH-BLR-04,SAP_TM,2026-05-13 08:38:00,2026-08-05 02:59:59,BATCH_202605_RAW_INBOUND_SHIPMENTS
SHP-00000447,PO-00000462,TRK-56629014,Oceanic Freight,2026-05-19 14:00:00,2026-05-19 14:00:00,2026-05-28 14:00:00,WH-BLR-04,SAP_TM,2026-05-19 15:27:00,2026-08-05 02:59:59,BATCH_202605_RAW_INBOUND_SHIPMENTS
SHP-00000448,PO-00000463,TRK-31721499,Local-Post,2026-05-30 10:00:00,2026-05-30 10:00:00,2026-06-04 10:00:00,WH-MUM-03,SAP_TM,2026-06-01 11:19:00,2026-08-05 02:59:59,BATCH_202605_RAW_INBOUND_SHIPMENTS
SHP-00000449,PO-00000464,TRK-42326789,Local-Post,2026-05-23 16:00:00,2026-05-23 16:00:00,2026-05-28 16:00:00,WH-DEL-02,SAP_TM,2026-05-23 16:56:00,2026-08-05 02:59:59,BATCH_202605_RAW_INBOUND_SHIPMENTS
SHP-00000450,PO-00000465,TRK-85483648,Oceanic Freight,2026-05-22 15:00:00,2026-05-22 15:00:00,2026-05-31 15:00:00,WH-LKO-01,SAP_TM,2026-05-22 15:05:00,2026-08-05 02:59:59,BATCH_202605_RAW_INBOUND_SHIPMENTS
SHP-00000451,PO-00000466,TRK-89683196,FedEx,2026-05-17 13:00:00,2026-05-17 13:00:00,2026-05-20 13:00:00,WH-MUM-03,SAP_TM,2026-05-17 15:22:00,2026-08-05 02:59:59,BATCH_202605_RAW_INBOUND_SHIPMENTS
SHP-00000452,PO-00000467,TRK-24558689,FedEx,2026-05-19 12:00:00,2026-05-19 12:00:00,2026-05-22 12:00:00,WH-DEL-02,SAP_TM,2026-05-19 12:37:00,2026-08-05 02:59:59,BATCH_202605_RAW_INBOUND_SHIPMENTS
SHP-00000453,PO-00000468,TRK-73849849,FedEx,2026-05-20 16:00:00,2026-05-20 16:00:00,2026-05-23T16:00:00Z,WH-BLR-04,SAP_TM,2026-05-20 17:18:00,2026-08-05 02:59:59,BATCH_202605_RAW_INBOUND_SHIPMENTS
SHP-00000454,PO-00000469,TRK-84769233,DHL Express,2026-05-23 12:00:00,2026-05-23 12:00:00,2026-05-25 12:00:00,WH-MUM-03,SAP_TM,2026-05-23 13:58:00,2026-08-05 02:59:59,BATCH_202605_RAW_INBOUND_SHIPMENTS
SHP-00000455,PO-00000470,TRK-28528769,DHL Express,2026-06-03 14:00:00,2026-06-03 14:00:00,2026-06-05 14:00:00,WH-MUM-03,SAP_TM,2026-06-03 15:17:00,2026-08-05 02:59:59,BATCH_202606_RAW_INBOUND_SHIPMENTS
SHP-00000456,PO-00000471,TRK-84793814,FedEx,2026-05-24 15:00:00,2026-05-24 15:00:00,2026-05-27 15:00:00, WH-MUM-03 ,SAP_TM,2026-05-24 16:44:00,2026-08-05 02:59:59,BATCH_202605_RAW_INBOUND_SHIPMENTS
SHP-00000457,PO-00000472,TRK-30859697,Local-Post,2026-05-30 12:00:00,2026-05-30 12:00:00,2026-06-04 12:00:00,WH-DEL-02,SAP_TM,2026-05-30 15:00:00,2026-08-05 02:59:59,BATCH_202605_RAW_INBOUND_SHIPMENTS
SHP-00000458,PO-00000473,trk-16502444,FedEx,2026-06-01 13:00:00,2026-06-01 13:00:00,2026-06-04 13:00:00,WH-DEL-02,SAP_TM,2026-06-01 15:46:00,2026-08-05 02:59:59,BATCH_202606_RAW_INBOUND_SHIPMENTS
SHP-00000459,PO-00000474,TRK-25694540,FedEx,2026-05-31 11:00:00,2026-05-31 11:00:00,2026-06-03 11:00:00,WH-BLR-04,SAP_TM,2026-05-31 12:28:00,2026-08-05 02:59:59,BATCH_202605_RAW_INBOUND_SHIPMENTS
SHP-00000460,PO-00000475,TRK-86961771,FedEx,2026-06-02 15:00:00,2026-06-02 15:00:00,2026-06-05 15:00:00,WH-DEL-02,SAP_TM,2026-06-02 17:26:00,2026-08-05 02:59:59,BATCH_202606_RAW_INBOUND_SHIPMENTS
SHP-00000461,PO-00000476,TRK-63352620,FedEx,2026-05-30 15:00:00,2026-05-30 15:00:00,2026-06-02 15:00:00,WH-DEL-02,SAP_TM,2026-05-30 17:17:00,2026-08-05 02:59:59,BATCH_202605_RAW_INBOUND_SHIPMENTS
SHP-00000462,PO-00000477,TRK-84069934,FedEx,2026-06-02 13:00:00,2026-06-02 13:00:00,2026-06-05T13:00:00Z,WH-DEL-02,SAP_TM,2026-06-02 14:14:00,2026-08-05 02:59:59,BATCH_202606_RAW_INBOUND_SHIPMENTS
SHP-00000463,PO-00000478,TRK-16879989,Local-Post,2026-05-29 08:00:00,2026-05-29 08:00:00,2026-06-03 08:00:00,WH-MUM-03,SAP_TM,2026-05-29 08:20:00,2026-08-05 02:59:59,BATCH_202605_RAW_INBOUND_SHIPMENTS
SHP-00000464,PO-00000479,TRK-98128718,Local-Post,2026-05-29 16:00:00,2026-05-29 16:00:00,2026-06-03 16:00:00,WH-DEL-02,SAP_TM,2026-05-29 17:11:00,2026-08-05 02:59:59,BATCH_202605_RAW_INBOUND_SHIPMENTS
shp-00000465,PO-00000480,TRK-99388730,DHL Express,2026-06-04 13:00:00,2026-06-04 13:00:00,2026-06-06 13:00:00,WH-MUM-03,SAP_TM,2026-06-04 16:00:00,2026-08-05 02:59:59,BATCH_202606_RAW_INBOUND_SHIPMENTS
SHP-00000466,PO-00000481,TRK-77166449,Local-Post,2026-06-04 14:00:00,2026-06-04 14:00:00,2026-06-09T14:00:00Z,WH-MUM-03,SAP_TM,2026-06-04 16:35:00,2026-08-05 02:59:59,BATCH_202606_RAW_INBOUND_SHIPMENTS
SHP-00000467,PO-00000482,TRK-34143514,FedEx,2026-05-31 14:00:00,2026-05-31 14:00:00,2026-06-03 14:00:00,WH-DEL-02,SAP_TM,2026-05-31 15:46:00,2026-08-05 02:59:59,BATCH_202605_RAW_INBOUND_SHIPMENTS
SHP-00000468,PO-00000483,TRK-79532285,DHL Express,2026-06-10 13:00:00,2026-06-10 13:00:00,2026-06-12 13:00:00,WH-BLR-04,SAP_TM,2026-06-10 15:54:00,2026-08-05 02:59:59,BATCH_202606_RAW_INBOUND_SHIPMENTS
SHP-00000469,PO-00000484,TRK-20994132,Oceanic Freight,2026-06-08 08:00:00,2026-06-08T08:00:00+05:30,2026-06-17 08:00:00,WH-LKO-01,SAP_TM,2026-06-08 09:11:00,2026-08-05 02:59:59,BATCH_202606_RAW_INBOUND_SHIPMENTS
SHP-00000470,PO-00000486,TRK-70523108,FedEx,2026-06-03 12:00:00,2026-06-03 12:00:00,2026-06-06 12:00:00,WH-BLR-04,SAP_TM,2026-06-03 13:58:00,2026-08-05 02:59:59,BATCH_202606_RAW_INBOUND_SHIPMENTS
SHP-00000471,PO-00000487,TRK-47539105,Oceanic Freight,2026-06-14 12:00:00,2026-06-14 12:00:00,2026-06-23 12:00:00,WH-MUM-03,SAP_TM,2026-06-14 14:09:00,2026-08-05 02:59:59,BATCH_202606_RAW_INBOUND_SHIPMENTS
SHP-00000472,PO-00000488,TRK-79108055,Oceanic Freight,2026-06-12 16:00:00,2026-06-12 16:00:00,2026-06-21 16:00:00,WH-MUM-03,SAP_TM,2026-06-12 18:27:00,2026-08-05 02:59:59,BATCH_202606_RAW_INBOUND_SHIPMENTS
SHP-00000473,PO-00000489,TRK-63951690,Local-Post,2026-06-22 16:00:00,2026-06-22 16:00:00,2026-06-27 16:00:00,WH-MUM-03,SAP_TM,2026-06-22 16:57:00,2026-08-05 02:59:59,BATCH_202606_RAW_INBOUND_SHIPMENTS
SHP-00000474,PO-00000490,TRK-91424194,FedEx,2026-06-10 15:00:00,2026-06-10 15:00:00,2026-06-13 15:00:00,WH-MUM-03,SAP_TM,2026-06-10 17:33:00,2026-08-05 02:59:59,BATCH_202606_RAW_INBOUND_SHIPMENTS
SHP-00000475,PO-00000491,TRK-81897245,FedEx,2026-06-12 16:00:00,2026-06-12 16:00:00,2026-06-15 16:00:00,WH-DEL-02,SAP_TM,2026-06-12 18:42:00,2026-08-05 02:59:59,BATCH_202606_RAW_INBOUND_SHIPMENTS
SHP-00000476,PO-00000492,TRK-22774321,DHL Express,2026-06-24 15:00:00,2026-06-24 15:00:00,2026-06-26 15:00:00,WH-BLR-04,SAP_TM,2026-06-24 17:50:00,2026-08-05 02:59:59,BATCH_202606_RAW_INBOUND_SHIPMENTS
SHP-00000477,PO-00000493,TRK-95131288,DHL Express,2026-06-23 12:00:00,2026-06-23 12:00:00,2026-06-25 12:00:00,WH-DEL-02,SAP_TM,2026-06-23 13:46:00,2026-08-05 02:59:59,BATCH_202606_RAW_INBOUND_SHIPMENTS
SHP-00000478,PO-00000494,TRK-31346315,FedEx,2026-06-23 09:00:00,2026-06-23 09:00:00,2026-06-26 09:00:00,WH-DEL-02,SAP_TM,2026-06-23 10:13:00,2026-08-05 02:59:59,BATCH_202606_RAW_INBOUND_SHIPMENTS
SHP-00000479,PO-00000495,TRK-30126916,DHL Express,2026-06-27 13:00:00,2026-06-27 13:00:00,2026-06-29 13:00:00,WH-DEL-02,SAP_TM,2026-06-27 14:02:00,2026-08-05 02:59:59,BATCH_202606_RAW_INBOUND_SHIPMENTS
SHP-00000480,PO-00000496,TRK-98462654,FedEx,2026-06-22 14:00:00,2026-06-22 14:00:00,2026-06-25 14:00:00,WH-MUM-03,SAP_TM,2026-06-22 14:06:00,2026-08-05 02:59:59,BATCH_202606_RAW_INBOUND_SHIPMENTS
SHP-00000481,PO-00000497,TRK-21873354,DHL Express,2026-06-26 08:00:00,2026-06-26 08:00:00,2026-06-28 08:00:00,WH-LKO-01,SAP_TM,2026-06-27 09:10:00,2026-08-05 02:59:59,BATCH_202606_RAW_INBOUND_SHIPMENTS
SHP-00000482,PO-00000498,TRK-39824410,Local-Post,2026-06-27 09:00:00,2026-06-27 09:00:00,2026-07-02 09:00:00,WH-DEL-02,SAP_TM,2026-06-27 10:58:00,2026-08-05 02:59:59,BATCH_202606_RAW_INBOUND_SHIPMENTS
shp-00000483,PO-00000499,TRK-90767434,DHL Express,06-27-2026,2026-06-27 16:00:00,2026-06-29 16:00:00,WH-BLR-04,SAP_TM,2026-06-27 17:05:00,2026-08-05 02:59:59,BATCH_202606_RAW_INBOUND_SHIPMENTS
SHP-00000484,PO-00000500,TRK-79564866,Oceanic Freight,2026-07-03 14:00:00,2026-07-03 14:00:00,2026-07-12 14:00:00,WH-LKO-01,SAP_TM,2026-07-03 14:46:00,2026-08-05 02:59:59,BATCH_202607_RAW_INBOUND_SHIPMENTS
SHP-00000485,PO-00000501,TRK-63551888,DHL Express,2026-06-29 09:00:00,2026-06-29 09:00:00,2026-07-01 09:00:00,WH-MUM-03,SAP_TM,2026-06-29 11:32:00,2026-08-05 02:59:59,BATCH_202606_RAW_INBOUND_SHIPMENTS
SHP-00000486,PO-00000502,TRK-52265920,Local-Post,2026-07-04 08:00:00,2026-07-04 08:00:00,2026-07-09 08:00:00,WH-DEL-02,SAP_TM,2026-07-04 10:24:00,2026-08-05 02:59:59,BATCH_202607_RAW_INBOUND_SHIPMENTS
SHP-00000487,PO-00000503,TRK-24993549,FedEx,2026-07-14 15:00:00,2026-07-14 15:00:00,2026-07-17 15:00:00,WH-MUM-03,SAP_TM,2026-07-14 16:44:00,2026-08-05 02:59:59,BATCH_202607_RAW_INBOUND_SHIPMENTS
SHP-00000488,PO-00000504,TRK-11016869,Local-Post,2026-07-08 10:00:00,2026-07-08 10:00:00,2026-07-13 10:00:00,WH-DEL-02,SAP_TM,2026-07-11 12:55:00,2026-08-05 02:59:59,BATCH_202607_RAW_INBOUND_SHIPMENTS
SHP-00000489,PO-00000505,TRK-14464135,DHL Express,2026-07-10 10:00:00,2026-07-10 10:00:00,2026-07-12 10:00:00,WH-LKO-01,SAP_TM,2026-07-10 11:34:00,2026-08-05 02:59:59,BATCH_202607_RAW_INBOUND_SHIPMENTS
SHP-00000490,PO-00000506,TRK-63240231,FedEx,2026-07-14 10:00:00,2026-07-14 10:00:00,2026-07-17 10:00:00,WH-DEL-02,SAP_TM,2026-07-14 12:30:00,2026-08-05 02:59:59,BATCH_202607_RAW_INBOUND_SHIPMENTS
SHP-00000491,PO-00000507,TRK-84488542,DHL Express,2026-07-15 08:00:00,2026-07-15 08:00:00,2026-07-17 08:00:00,WH-BLR-04,SAP_TM,2026-07-15 08:14:00,2026-08-05 02:59:59,BATCH_202607_RAW_INBOUND_SHIPMENTS
SHP-00000492,PO-00000508,TRK-63395166,Oceanic Freight,2026-07-22 14:00:00,2026-07-22 14:00:00,2026-07-31 14:00:00,WH-MUM-03,SAP_TM,2026-07-26 14:50:00,2026-08-05 02:59:59,BATCH_202607_RAW_INBOUND_SHIPMENTS
SHP-00000493,PO-00000509,TRK-39046400,FedEx,2026-07-17 08:00:00,2026-07-17T08:00:00Z,2026-07-20 08:00:00,WH-LKO-01,SAP_TM,2026-07-17 08:04:00,2026-08-05 02:59:59,BATCH_202607_RAW_INBOUND_SHIPMENTS
SHP-00000494,PO-00000510,TRK-31924411,Oceanic Freight,2026-07-15 14:00:00,15/07/2026,2026-07-24 14:00:00,WH-LKO-01,SAP_TM,2026-07-15 16:54:00,2026-08-05 02:59:59,BATCH_202607_RAW_INBOUND_SHIPMENTS
SHP-00000495, PO-00000511 ,TRK-23151052,DHL Express,2026-07-09 11:00:00,2026-07-09 11:00:00,2026-07-11 11:00:00,WH-DEL-02,SAP_TM,2026-07-09 11:00:00,2026-08-05 02:59:59,BATCH_202607_RAW_INBOUND_SHIPMENTS
SHP-00000496,PO-00000512,TRK-25350342,FedEx,46224,2026-07-21 10:00:00,2026-07-24 10:00:00,WH-BLR-04,SAP_TM,2026-07-21 12:17:00,2026-08-05 02:59:59,BATCH_202607_RAW_INBOUND_SHIPMENTS
